代码,名称,现价,MA5,MA10,MA20,MA50,MA100,距MA50,量比,回踩MA50,MA5拐头,状态,日期
159869,游戏ETF,1.309,1.329,1.31,1.317,1.341,1.435,-2.4%,1.08,是,↑,✗ 趋势偏弱,2026-05-12
159915,创业板ETF,3.94,3.865,3.764,3.687,3.432,3.344,+14.8%,0.95,否,↑,◇ 多头排列,2026-05-12
159995,芯片ETF,2.326,2.25,2.119,1.98,1.853,1.855,+25.5%,1.33,否,↑,◇ 多头排列,2026-05-12
510300,沪深300ETF,4.963,4.923,4.859,4.797,4.676,4.711,+6.1%,0.95,否,↑,◇ 多头排列,2026-05-12
510500,中证500ETF,8.862,8.794,8.579,8.409,8.215,8.105,+7.9%,0.77,否,↑,◇ 多头排列,2026-05-12
510880,红利ETF,3.257,3.279,3.296,3.269,3.275,3.218,-0.6%,0.86,是,↓,✗ 趋势偏弱,2026-05-12
512010,医药ETF,0.372,0.369,0.369,0.369,0.368,0.378,+1.0%,2.16,是,↓,✗ 趋势偏弱,2026-05-12
512100,中证1000ETF,3.54,3.505,3.42,3.36,3.263,3.229,+8.5%,0.6,否,↑,◇ 多头排列,2026-05-12
512200,房地产ETF,1.51,1.488,1.444,1.414,1.417,1.471,+6.6%,1.83,否,↑,◇ 多头排列,2026-05-12
512400,有色金属ETF,2.188,2.202,2.152,2.146,2.133,2.104,+2.6%,1.44,否,↑,- 趋势完好,2026-05-12
512480,半导体ETF,2.025,1.961,1.852,1.736,1.611,1.593,+25.7%,1.04,否,↑,◇ 多头排列,2026-05-12
512580,环保ETF,1.458,1.463,1.439,1.413,1.383,1.346,+5.4%,0.72,否,↑,- 趋势完好,2026-05-12
512660,军工ETF,1.469,1.46,1.424,1.406,1.398,1.406,+5.1%,1.34,否,↑,◇ 多头排列,2026-05-12
512690,酒ETF,0.469,0.475,0.48,0.484,0.495,0.52,-5.3%,1.3,是,↓,✗ 趋势偏弱,2026-05-12
512800,银行ETF,0.782,0.785,0.793,0.796,0.792,0.796,-1.3%,1.33,是,↓,✗ 趋势偏弱,2026-05-12
512880,证券ETF,1.102,1.092,1.08,1.077,1.082,1.146,+1.8%,1.47,是,↑,✗ 趋势偏弱,2026-05-12
512890,红利低波ETF,1.176,1.178,1.185,1.187,1.188,1.178,-1.0%,1.06,是,↓,✗ 趋势偏弱,2026-05-12
512980,传媒ETF,1.007,1.023,1.006,1.016,1.027,1.068,-2.0%,1.15,是,↑,✗ 趋势偏弱,2026-05-12
513180,恒生科技ETF,0.645,0.648,0.638,0.636,0.635,0.688,+1.6%,0.99,是,↑,✗ 趋势偏弱,2026-05-12
515070,人工智能ETF,2.487,2.421,2.319,2.229,2.048,2.029,+21.4%,0.89,否,↑,◇ 多头排列,2026-05-12
515790,光伏ETF,1.122,1.106,1.08,1.075,1.091,1.063,+2.8%,1.24,是,↑,◇ 多头排列,2026-05-12
515880,通信ETF,1.501,1.436,1.385,1.341,1.19,1.919,+26.2%,1.14,否,↑,✗ 趋势偏弱,2026-05-12
516110,汽车ETF,1.324,1.33,1.325,1.33,1.326,1.365,-0.1%,1.07,是,↑,✗ 趋势偏弱,2026-05-12
516160,新能源ETF,3.297,3.337,3.29,3.231,3.137,3.046,+5.1%,1.16,否,↑,- 趋势完好,2026-05-12
517520,黄金股ETF,2.244,2.267,2.218,2.258,2.339,2.334,-4.1%,0.98,是,↑,✗ 趋势偏弱,2026-05-12
562500,机器人ETF,1.13,1.109,1.065,1.032,1.0,1.019,+12.9%,1.33,否,↑,◇ 多头排列,2026-05-12
562800,稀有金属ETF,1.179,1.195,1.162,1.13,1.082,1.039,+9.0%,0.93,否,↑,- 趋势完好,2026-05-12
588000,科创50ETF,1.816,1.773,1.679,1.585,1.489,1.497,+22.0%,1.02,否,↑,◇ 多头排列,2026-05-12
159869,游戏ETF,1.324,1.331,1.315,1.316,1.337,1.435,-0.9%,0.82,是,↑,✗ 趋势偏弱,2026-05-13
159915,创业板ETF,4.048,3.917,3.801,3.717,3.447,3.353,+17.4%,0.93,否,↑,◇ 多头排列,2026-05-13
159995,芯片ETF,2.384,2.286,2.166,2.01,1.861,1.862,+28.1%,1.14,否,↑,◇ 多头排列,2026-05-13
510300,沪深300ETF,5.017,4.949,4.883,4.815,4.682,4.714,+7.2%,1.18,否,↑,◇ 多头排列,2026-05-13
510500,中证500ETF,9.009,8.865,8.647,8.458,8.223,8.122,+9.6%,0.77,否,↑,◇ 多头排列,2026-05-13
510880,红利ETF,3.244,3.259,3.293,3.27,3.276,3.219,-1.0%,0.89,是,↓,✗ 趋势偏弱,2026-05-13
512010,医药ETF,0.37,0.369,0.369,0.369,0.368,0.378,+0.5%,1.24,是,↑,✗ 趋势偏弱,2026-05-13
512100,中证1000ETF,3.598,3.538,3.447,3.38,3.267,3.235,+10.1%,0.56,否,↑,◇ 多头排列,2026-05-13
512200,房地产ETF,1.491,1.494,1.455,1.422,1.416,1.471,+5.3%,0.86,否,↑,- 趋势完好,2026-05-13
512400,有色金属ETF,2.209,2.204,2.161,2.152,2.13,2.108,+3.7%,1.15,否,↑,◇ 多头排列,2026-05-13
512480,半导体ETF,2.088,1.996,1.893,1.762,1.618,1.6,+29.0%,1.09,否,↑,◇ 多头排列,2026-05-13
512580,环保ETF,1.471,1.463,1.445,1.419,1.385,1.348,+6.2%,0.72,否,↑,◇ 多头排列,2026-05-13
512660,军工ETF,1.488,1.472,1.433,1.413,1.397,1.408,+6.5%,1.26,否,↑,◇ 多头排列,2026-05-13
512690,酒ETF,0.462,0.472,0.477,0.483,0.494,0.519,-6.5%,1.21,是,↓,✗ 趋势偏弱,2026-05-13
512800,银行ETF,0.78,0.783,0.79,0.795,0.792,0.796,-1.5%,1.14,是,↓,✗ 趋势偏弱,2026-05-13
512880,证券ETF,1.095,1.093,1.084,1.078,1.081,1.144,+1.3%,1.12,是,↑,✗ 趋势偏弱,2026-05-13
512890,红利低波ETF,1.177,1.177,1.183,1.186,1.188,1.178,-1.0%,0.89,是,↓,✗ 趋势偏弱,2026-05-13
512980,传媒ETF,1.024,1.026,1.009,1.016,1.025,1.069,-0.1%,0.83,是,↑,✗ 趋势偏弱,2026-05-13
513180,恒生科技ETF,0.646,0.65,0.639,0.637,0.634,0.686,+1.8%,0.98,否,↑,✗ 趋势偏弱,2026-05-13
515070,人工智能ETF,2.576,2.467,2.357,2.257,2.058,2.035,+25.1%,0.99,否,↑,◇ 多头排列,2026-05-13
515790,光伏ETF,1.146,1.118,1.089,1.08,1.092,1.065,+5.0%,1.63,是,↑,◇ 多头排列,2026-05-13
515880,通信ETF,1.557,1.477,1.407,1.358,1.199,1.905,+29.9%,0.98,否,↑,✗ 趋势偏弱,2026-05-13
516110,汽车ETF,1.322,1.329,1.325,1.33,1.325,1.364,-0.2%,1.53,是,↓,✗ 趋势偏弱,2026-05-13
516160,新能源ETF,3.328,3.326,3.299,3.244,3.141,3.05,+5.9%,1.05,否,↓,◇ 多头排列,2026-05-13
517520,黄金股ETF,2.234,2.267,2.221,2.254,2.332,2.337,-4.2%,0.9,是,↑,✗ 趋势偏弱,2026-05-13
562500,机器人ETF,1.156,1.129,1.08,1.041,1.002,1.02,+15.4%,1.29,否,↑,◇ 多头排列,2026-05-13
562800,稀有金属ETF,1.182,1.189,1.168,1.137,1.082,1.042,+9.2%,0.8,否,↓,- 趋势完好,2026-05-13
588000,科创50ETF,1.865,1.798,1.712,1.606,1.495,1.502,+24.8%,1.18,否,↑,◇ 多头排列,2026-05-13
159869,游戏ETF,1.281,1.32,1.315,1.314,1.332,1.433,-3.8%,1.07,是,↓,✗ 趋势偏弱,2026-05-14
159915,创业板ETF,3.961,3.94,3.832,3.742,3.46,3.361,+14.5%,1.11,否,↑,◇ 多头排列,2026-05-14
159995,芯片ETF,2.321,2.303,2.198,2.037,1.869,1.868,+24.2%,0.94,否,↑,◇ 多头排列,2026-05-14
510300,沪深300ETF,4.941,4.955,4.899,4.83,4.686,4.717,+5.4%,0.93,否,↑,- 趋势完好,2026-05-14
510500,中证500ETF,8.772,8.865,8.688,8.495,8.223,8.137,+6.7%,1.29,否,↑,- 趋势完好,2026-05-14
510880,红利ETF,3.223,3.25,3.287,3.27,3.276,3.219,-1.6%,0.75,是,↓,✗ 趋势偏弱,2026-05-14
512010,医药ETF,0.36,0.368,0.369,0.369,0.368,0.378,-2.1%,1.81,是,↓,✗ 趋势偏弱,2026-05-14
512100,中证1000ETF,3.529,3.546,3.466,3.395,3.269,3.24,+8.0%,0.71,否,↑,- 趋势完好,2026-05-14
512200,房地产ETF,1.456,1.491,1.462,1.426,1.414,1.47,+3.0%,0.76,否,↓,✗ 趋势偏弱,2026-05-14
512400,有色金属ETF,2.13,2.188,2.165,2.154,2.125,2.112,+0.2%,1.16,是,↓,▲ 接近支撑,2026-05-14
512480,半导体ETF,2.043,2.015,1.922,1.786,1.626,1.606,+25.7%,0.97,否,↑,◇ 多头排列,2026-05-14
512580,环保ETF,1.436,1.457,1.448,1.423,1.387,1.349,+3.5%,0.74,否,↓,- 趋势完好,2026-05-14
512660,军工ETF,1.419,1.467,1.436,1.417,1.394,1.41,+1.8%,1.31,否,↓,- 趋势完好,2026-05-14
512690,酒ETF,0.466,0.47,0.476,0.481,0.493,0.518,-5.5%,1.95,是,↓,✗ 趋势偏弱,2026-05-14
512800,银行ETF,0.784,0.783,0.789,0.795,0.792,0.795,-1.1%,1.19,是,↓,✗ 趋势偏弱,2026-05-14
512880,证券ETF,1.071,1.089,1.085,1.078,1.079,1.143,-0.7%,1.19,是,↓,✗ 趋势偏弱,2026-05-14
512890,红利低波ETF,1.176,1.177,1.182,1.186,1.189,1.178,-1.1%,0.84,是,↓,✗ 趋势偏弱,2026-05-14
512980,传媒ETF,0.979,1.014,1.008,1.015,1.021,1.069,-4.1%,1.56,是,↓,✗ 趋势偏弱,2026-05-14
513180,恒生科技ETF,0.646,0.648,0.641,0.639,0.634,0.685,+1.9%,1.56,否,↓,✗ 趋势偏弱,2026-05-14
515070,人工智能ETF,2.522,2.489,2.386,2.281,2.068,2.041,+22.0%,0.93,否,↑,◇ 多头排列,2026-05-14
515790,光伏ETF,1.128,1.123,1.096,1.084,1.092,1.067,+3.3%,1.87,是,↑,◇ 多头排列,2026-05-14
515880,通信ETF,1.544,1.503,1.426,1.374,1.207,1.89,+27.9%,1.24,否,↑,✗ 趋势偏弱,2026-05-14
516110,汽车ETF,1.294,1.322,1.321,1.328,1.323,1.364,-2.2%,0.78,是,↓,✗ 趋势偏弱,2026-05-14
516160,新能源ETF,3.223,3.298,3.299,3.25,3.143,3.054,+2.5%,0.93,否,↓,▲ 接近支撑,2026-05-14
517520,黄金股ETF,2.153,2.242,2.218,2.247,2.322,2.339,-7.3%,1.0,是,↓,✗ 趋势偏弱,2026-05-14
562500,机器人ETF,1.128,1.135,1.09,1.049,1.003,1.022,+12.5%,1.25,否,↑,- 趋势完好,2026-05-14
562800,稀有金属ETF,1.132,1.176,1.17,1.14,1.081,1.044,+4.7%,1.18,否,↓,▲ 接近支撑,2026-05-14
588000,科创50ETF,1.815,1.807,1.734,1.625,1.5,1.506,+21.0%,1.18,否,↑,◇ 多头排列,2026-05-14
159869,游戏ETF,1.274,1.304,1.314,1.313,1.328,1.432,-4.1%,0.97,是,↓,✗ 趋势偏弱,2026-05-15
159915,创业板ETF,3.97,3.973,3.869,3.763,3.473,3.368,+14.3%,1.39,否,↑,- 趋势完好,2026-05-15
159995,芯片ETF,2.315,2.331,2.231,2.061,1.876,1.874,+23.4%,1.2,否,↑,- 趋势完好,2026-05-15
510300,沪深300ETF,4.878,4.953,4.91,4.838,4.689,4.718,+4.0%,0.92,否,↓,- 趋势完好,2026-05-15
510500,中证500ETF,8.612,8.833,8.722,8.518,8.221,8.151,+4.8%,1.79,否,↓,- 趋势完好,2026-05-15
510880,红利ETF,3.223,3.242,3.277,3.27,3.274,3.22,-1.6%,1.15,是,↓,✗ 趋势偏弱,2026-05-15
512010,医药ETF,0.356,0.366,0.367,0.368,0.367,0.377,-3.1%,1.14,是,↓,✗ 趋势偏弱,2026-05-15
512100,中证1000ETF,3.488,3.542,3.485,3.407,3.271,3.245,+6.7%,1.21,否,↓,- 趋势完好,2026-05-15
512200,房地产ETF,1.433,1.48,1.467,1.428,1.413,1.469,+1.4%,1.16,是,↓,✗ 趋势偏弱,2026-05-15
512400,有色金属ETF,2.039,2.155,2.165,2.149,2.116,2.115,-3.6%,1.3,是,↓,✗ 趋势偏弱,2026-05-15
512480,半导体ETF,2.035,2.042,1.952,1.807,1.633,1.612,+24.6%,1.47,否,↑,- 趋势完好,2026-05-15
512580,环保ETF,1.427,1.452,1.451,1.426,1.388,1.351,+2.8%,0.83,否,↓,- 趋势完好,2026-05-15
512660,军工ETF,1.385,1.449,1.437,1.417,1.39,1.412,-0.4%,1.31,是,↓,✗ 趋势偏弱,2026-05-15
512690,酒ETF,0.455,0.465,0.473,0.48,0.492,0.517,-7.5%,1.26,是,↓,✗ 趋势偏弱,2026-05-15
512800,银行ETF,0.779,0.782,0.786,0.794,0.792,0.795,-1.7%,1.15,是,↓,✗ 趋势偏弱,2026-05-15
512880,证券ETF,1.048,1.083,1.083,1.076,1.077,1.141,-2.7%,1.29,是,↓,✗ 趋势偏弱,2026-05-15
512890,红利低波ETF,1.167,1.175,1.18,1.186,1.188,1.178,-1.8%,1.25,是,↓,✗ 趋势偏弱,2026-05-15
512980,传媒ETF,0.982,1.004,1.008,1.013,1.018,1.069,-3.6%,1.15,是,↓,✗ 趋势偏弱,2026-05-15
513180,恒生科技ETF,0.629,0.643,0.642,0.639,0.633,0.684,-0.7%,1.32,是,↓,✗ 趋势偏弱,2026-05-15
515070,人工智能ETF,2.466,2.504,2.414,2.3,2.077,2.046,+18.8%,1.24,否,↑,- 趋势完好,2026-05-15
515790,光伏ETF,1.108,1.125,1.103,1.086,1.091,1.068,+1.6%,2.25,否,↑,- 趋势完好,2026-05-15
515880,通信ETF,1.5,1.517,1.443,1.388,1.215,1.874,+23.4%,1.43,否,↑,✗ 趋势偏弱,2026-05-15
516110,汽车ETF,1.3,1.314,1.32,1.327,1.322,1.363,-1.6%,1.28,是,↓,✗ 趋势偏弱,2026-05-15
516160,新能源ETF,3.199,3.278,3.302,3.251,3.145,3.058,+1.7%,1.15,否,↓,▲ 接近支撑,2026-05-15
517520,黄金股ETF,2.049,2.188,2.21,2.234,2.305,2.34,-11.1%,1.55,是,↓,✗ 趋势偏弱,2026-05-15
562500,机器人ETF,1.164,1.144,1.105,1.058,1.005,1.024,+15.8%,2.46,否,↑,◇ 多头排列,2026-05-15
562800,稀有金属ETF,1.104,1.16,1.172,1.14,1.078,1.047,+2.4%,1.16,否,↓,▲ 接近支撑,2026-05-15
588000,科创50ETF,1.787,1.819,1.756,1.64,1.504,1.509,+18.8%,1.46,否,↑,- 趋势完好,2026-05-15
159869,游戏ETF,1.25,1.288,1.307,1.309,1.325,1.431,-5.7%,0.94,是,↓,✗ 趋势偏弱,2026-05-18
159915,创业板ETF,3.923,3.968,3.891,3.784,3.488,3.376,+12.5%,1.01,否,↓,- 趋势完好,2026-05-18
159995,芯片ETF,2.344,2.338,2.269,2.088,1.886,1.881,+24.2%,1.04,否,↑,◇ 多头排列,2026-05-18
510300,沪深300ETF,4.852,4.93,4.913,4.846,4.692,4.72,+3.4%,0.51,否,↓,- 趋势完好,2026-05-18
510500,中证500ETF,8.631,8.777,8.743,8.544,8.226,8.165,+4.9%,0.65,否,↓,- 趋势完好,2026-05-18
510880,红利ETF,3.217,3.233,3.264,3.269,3.271,3.22,-1.7%,1.31,是,↓,✗ 趋势偏弱,2026-05-18
512010,医药ETF,0.349,0.361,0.365,0.366,0.367,0.377,-4.9%,1.32,是,↓,✗ 趋势偏弱,2026-05-18
512100,中证1000ETF,3.503,3.532,3.501,3.419,3.275,3.25,+7.0%,0.74,否,↓,- 趋势完好,2026-05-18
512200,房地产ETF,1.415,1.461,1.467,1.43,1.412,1.469,+0.2%,1.18,是,↓,✗ 趋势偏弱,2026-05-18
512400,有色金属ETF,2.009,2.115,2.151,2.144,2.109,2.118,-4.7%,0.95,是,↓,✗ 趋势偏弱,2026-05-18
512480,半导体ETF,2.058,2.05,1.985,1.83,1.643,1.618,+25.2%,0.95,否,↑,◇ 多头排列,2026-05-18
512580,环保ETF,1.426,1.444,1.451,1.429,1.39,1.352,+2.6%,0.76,否,↓,▲ 接近支撑,2026-05-18
512660,军工ETF,1.375,1.427,1.437,1.418,1.388,1.414,-0.9%,0.96,是,↓,✗ 趋势偏弱,2026-05-18
512690,酒ETF,0.451,0.461,0.469,0.478,0.49,0.516,-8.0%,0.87,是,↓,✗ 趋势偏弱,2026-05-18
512800,银行ETF,0.771,0.779,0.783,0.793,0.792,0.794,-2.7%,0.97,是,↓,✗ 趋势偏弱,2026-05-18
512880,证券ETF,1.047,1.073,1.08,1.075,1.075,1.14,-2.6%,0.84,是,↓,✗ 趋势偏弱,2026-05-18
512890,红利低波ETF,1.16,1.171,1.176,1.184,1.187,1.178,-2.3%,1.19,是,↓,✗ 趋势偏弱,2026-05-18
512980,传媒ETF,0.976,0.994,1.006,1.012,1.017,1.069,-4.0%,1.01,是,↓,✗ 趋势偏弱,2026-05-18
513180,恒生科技ETF,0.617,0.637,0.64,0.638,0.633,0.683,-2.5%,1.13,是,↓,✗ 趋势偏弱,2026-05-18
515070,人工智能ETF,2.486,2.507,2.442,2.321,2.087,2.052,+19.1%,0.78,否,↑,- 趋势完好,2026-05-18
515790,光伏ETF,1.101,1.121,1.107,1.088,1.091,1.07,+0.9%,0.79,是,↓,- 趋势完好,2026-05-18
515880,通信ETF,1.517,1.524,1.462,1.402,1.224,1.86,+23.9%,0.95,否,↑,✗ 趋势偏弱,2026-05-18
516110,汽车ETF,1.29,1.306,1.317,1.325,1.321,1.362,-2.3%,1.7,是,↓,✗ 趋势偏弱,2026-05-18
516160,新能源ETF,3.196,3.249,3.292,3.256,3.148,3.062,+1.5%,1.42,否,↓,▲ 接近支撑,2026-05-18
517520,黄金股ETF,2.009,2.138,2.192,2.22,2.291,2.341,-12.3%,1.23,是,↓,✗ 趋势偏弱,2026-05-18
562500,机器人ETF,1.183,1.152,1.121,1.068,1.008,1.026,+17.3%,1.55,否,↑,◇ 多头排列,2026-05-18
562800,稀有金属ETF,1.098,1.139,1.165,1.142,1.078,1.049,+1.9%,0.92,否,↓,▲ 接近支撑,2026-05-18
588000,科创50ETF,1.803,1.817,1.779,1.656,1.511,1.514,+19.3%,1.09,否,↓,- 趋势完好,2026-05-18
159869,游戏ETF,1.273,1.28,1.305,1.306,1.323,1.429,-3.8%,0.87,是,↓,✗ 趋势偏弱,2026-05-19
159915,创业板ETF,3.922,3.965,3.915,3.798,3.503,3.384,+11.9%,1.07,否,↓,- 趋势完好,2026-05-19
159995,芯片ETF,2.43,2.359,2.304,2.118,1.899,1.888,+28.0%,0.98,否,↑,◇ 多头排列,2026-05-19
510300,沪深300ETF,4.869,4.911,4.917,4.852,4.698,4.722,+3.6%,0.85,否,↓,- 趋势完好,2026-05-19
510500,中证500ETF,8.703,8.745,8.77,8.566,8.234,8.179,+5.7%,0.95,否,↓,- 趋势完好,2026-05-19
510880,红利ETF,3.222,3.226,3.252,3.268,3.27,3.221,-1.5%,0.67,是,↓,✗ 趋势偏弱,2026-05-19
512010,医药ETF,0.349,0.357,0.363,0.365,0.367,0.377,-4.9%,1.07,是,↓,✗ 趋势偏弱,2026-05-19
512100,中证1000ETF,3.542,3.532,3.519,3.432,3.281,3.256,+7.9%,0.7,否,↓,◇ 多头排列,2026-05-19
512200,房地产ETF,1.426,1.444,1.466,1.432,1.411,1.468,+1.1%,1.45,是,↓,✗ 趋势偏弱,2026-05-19
512400,有色金属ETF,1.981,2.074,2.138,2.135,2.101,2.12,-5.7%,0.76,是,↓,✗ 趋势偏弱,2026-05-19
512480,半导体ETF,2.131,2.071,2.016,1.856,1.655,1.625,+28.8%,1.26,否,↑,◇ 多头排列,2026-05-19
512580,环保ETF,1.44,1.44,1.451,1.431,1.393,1.354,+3.4%,0.81,否,↓,- 趋势完好,2026-05-19
512660,军工ETF,1.377,1.409,1.435,1.418,1.386,1.415,-0.6%,0.72,是,↓,✗ 趋势偏弱,2026-05-19
512690,酒ETF,0.452,0.457,0.466,0.476,0.489,0.515,-7.7%,0.71,是,↓,✗ 趋势偏弱,2026-05-19
512800,银行ETF,0.775,0.778,0.781,0.791,0.792,0.794,-2.2%,0.77,是,↓,✗ 趋势偏弱,2026-05-19
512880,证券ETF,1.056,1.063,1.078,1.074,1.074,1.139,-1.6%,0.91,是,↓,✗ 趋势偏弱,2026-05-19
512890,红利低波ETF,1.169,1.17,1.174,1.183,1.187,1.178,-1.5%,0.78,是,↓,✗ 趋势偏弱,2026-05-19
512980,传媒ETF,0.998,0.992,1.008,1.01,1.015,1.07,-1.7%,1.21,是,↓,✗ 趋势偏弱,2026-05-19
513180,恒生科技ETF,0.62,0.632,0.64,0.637,0.633,0.682,-2.0%,0.99,是,↓,✗ 趋势偏弱,2026-05-19
515070,人工智能ETF,2.524,2.515,2.468,2.341,2.1,2.058,+20.2%,0.82,否,↑,◇ 多头排列,2026-05-19
515790,光伏ETF,1.117,1.12,1.113,1.09,1.091,1.071,+2.4%,1.04,是,↓,- 趋势完好,2026-05-19
515880,通信ETF,1.511,1.526,1.481,1.415,1.233,1.845,+22.6%,1.11,否,↑,✗ 趋势偏弱,2026-05-19
516110,汽车ETF,1.294,1.3,1.315,1.322,1.32,1.361,-2.0%,0.71,是,↓,✗ 趋势偏弱,2026-05-19
516160,新能源ETF,3.196,3.228,3.282,3.256,3.152,3.066,+1.4%,0.76,是,↓,▲ 接近支撑,2026-05-19
517520,黄金股ETF,1.986,2.086,2.177,2.203,2.278,2.341,-12.8%,1.26,是,↓,✗ 趋势偏弱,2026-05-19
562500,机器人ETF,1.198,1.166,1.138,1.078,1.012,1.029,+18.4%,1.19,否,↑,◇ 多头排列,2026-05-19
562800,稀有金属ETF,1.066,1.116,1.156,1.14,1.076,1.051,-1.0%,1.52,是,↓,✗ 趋势偏弱,2026-05-19
588000,科创50ETF,1.871,1.828,1.801,1.675,1.519,1.518,+23.1%,1.22,否,↓,◇ 多头排列,2026-05-19
159869,游戏ETF,1.248,1.265,1.298,1.301,1.32,1.428,-5.4%,0.75,是,↓,✗ 趋势偏弱,2026-05-20
159915,创业板ETF,3.932,3.942,3.929,3.812,3.518,3.392,+11.8%,0.86,否,↓,- 趋势完好,2026-05-20
159995,芯片ETF,2.547,2.391,2.339,2.153,1.913,1.897,+33.2%,0.95,否,↑,◇ 多头排列,2026-05-20
510300,沪深300ETF,4.871,4.882,4.916,4.859,4.702,4.724,+3.6%,0.83,否,↓,- 趋势完好,2026-05-20
510500,中证500ETF,8.748,8.693,8.779,8.589,8.241,8.194,+6.2%,0.67,否,↓,- 趋势完好,2026-05-20
510880,红利ETF,3.215,3.22,3.24,3.268,3.268,3.222,-1.6%,0.93,是,↓,✗ 趋势偏弱,2026-05-20
512010,医药ETF,0.347,0.352,0.361,0.364,0.367,0.376,-5.3%,1.04,是,↓,✗ 趋势偏弱,2026-05-20
512100,中证1000ETF,3.545,3.521,3.53,3.442,3.287,3.262,+7.8%,0.72,否,↓,◇ 多头排列,2026-05-20
512200,房地产ETF,1.416,1.429,1.461,1.433,1.41,1.468,+0.4%,0.95,是,↓,✗ 趋势偏弱,2026-05-20
512400,有色金属ETF,1.985,2.029,2.116,2.126,2.094,2.122,-5.2%,0.91,是,↓,✗ 趋势偏弱,2026-05-20
512480,半导体ETF,2.227,2.099,2.048,1.886,1.667,1.633,+33.6%,0.98,否,↑,◇ 多头排列,2026-05-20
512580,环保ETF,1.449,1.436,1.449,1.434,1.395,1.356,+3.9%,0.99,否,↓,- 趋势完好,2026-05-20
512660,军工ETF,1.371,1.385,1.429,1.417,1.383,1.416,-0.9%,0.51,是,↓,✗ 趋势偏弱,2026-05-20
512690,酒ETF,0.455,0.456,0.464,0.474,0.488,0.514,-6.8%,0.89,是,↓,✗ 趋势偏弱,2026-05-20
512800,银行ETF,0.768,0.775,0.779,0.79,0.792,0.793,-3.0%,1.22,是,↓,✗ 趋势偏弱,2026-05-20
512880,证券ETF,1.049,1.054,1.073,1.072,1.072,1.137,-2.2%,0.67,是,↓,✗ 趋势偏弱,2026-05-20
512890,红利低波ETF,1.164,1.167,1.172,1.182,1.187,1.178,-1.9%,0.77,是,↓,✗ 趋势偏弱,2026-05-20
512980,传媒ETF,0.969,0.981,1.003,1.007,1.013,1.07,-4.4%,0.98,是,↓,✗ 趋势偏弱,2026-05-20
513180,恒生科技ETF,0.621,0.627,0.638,0.636,0.633,0.68,-1.9%,0.83,是,↓,✗ 趋势偏弱,2026-05-20
515070,人工智能ETF,2.536,2.507,2.487,2.359,2.111,2.065,+20.1%,0.82,否,↓,◇ 多头排列,2026-05-20
515790,光伏ETF,1.126,1.116,1.117,1.093,1.091,1.073,+3.2%,1.06,是,↓,◇ 多头排列,2026-05-20
515880,通信ETF,1.517,1.518,1.497,1.424,1.241,1.832,+22.2%,1.03,否,↓,✗ 趋势偏弱,2026-05-20
516110,汽车ETF,1.277,1.291,1.31,1.319,1.319,1.36,-3.2%,1.24,是,↓,✗ 趋势偏弱,2026-05-20
516160,新能源ETF,3.231,3.209,3.267,3.258,3.155,3.071,+2.4%,0.86,是,↓,▲ 接近支撑,2026-05-20
517520,黄金股ETF,1.949,2.029,2.148,2.186,2.265,2.34,-14.0%,0.92,是,↓,✗ 趋势偏弱,2026-05-20
562500,机器人ETF,1.193,1.173,1.151,1.087,1.016,1.031,+17.5%,1.08,否,↑,◇ 多头排列,2026-05-20
562800,稀有金属ETF,1.08,1.096,1.143,1.138,1.075,1.053,+0.4%,1.28,是,↓,▲ 接近支撑,2026-05-20
588000,科创50ETF,1.931,1.841,1.82,1.696,1.528,1.524,+26.3%,1.23,否,↑,◇ 多头排列,2026-05-20
159869,游戏ETF,1.214,1.252,1.286,1.296,1.316,1.426,-7.7%,0.89,是,↓,✗ 趋势偏弱,2026-05-21
159915,创业板ETF,3.846,3.919,3.93,3.82,3.53,3.4,+8.9%,1.33,否,↓,- 趋势完好,2026-05-21
159995,芯片ETF,2.477,2.423,2.363,2.182,1.925,1.905,+28.7%,1.24,否,↑,◇ 多头排列,2026-05-21
510300,沪深300ETF,4.808,4.856,4.905,4.861,4.705,4.726,+2.2%,1.03,否,↓,▲ 接近支撑,2026-05-21
510500,中证500ETF,8.503,8.639,8.752,8.596,8.243,8.208,+3.1%,0.73,否,↓,▲ 接近支撑,2026-05-21
510880,红利ETF,3.172,3.21,3.23,3.265,3.266,3.222,-2.9%,1.51,是,↓,✗ 趋势偏弱,2026-05-21
512010,医药ETF,0.349,0.35,0.359,0.363,0.366,0.376,-4.7%,1.46,是,↓,✗ 趋势偏弱,2026-05-21
512100,中证1000ETF,3.432,3.502,3.524,3.447,3.29,3.267,+4.3%,1.09,否,↓,▲ 接近支撑,2026-05-21
512200,房地产ETF,1.364,1.411,1.451,1.431,1.408,1.467,-3.1%,0.74,是,↓,✗ 趋势偏弱,2026-05-21
512400,有色金属ETF,1.947,1.992,2.09,2.114,2.088,2.124,-6.7%,0.97,是,↓,✗ 趋势偏弱,2026-05-21
512480,半导体ETF,2.132,2.117,2.066,1.91,1.678,1.641,+27.0%,1.16,否,↑,◇ 多头排列,2026-05-21
512580,环保ETF,1.414,1.431,1.444,1.435,1.396,1.358,+1.3%,0.74,是,↓,▲ 接近支撑,2026-05-21
512660,军工ETF,1.337,1.369,1.418,1.412,1.379,1.417,-3.1%,0.87,是,↓,✗ 趋势偏弱,2026-05-21
512690,酒ETF,0.454,0.453,0.462,0.473,0.487,0.513,-6.8%,0.93,是,↓,✗ 趋势偏弱,2026-05-21
512800,银行ETF,0.771,0.773,0.778,0.788,0.792,0.793,-2.6%,1.23,是,↓,✗ 趋势偏弱,2026-05-21
512880,证券ETF,1.054,1.051,1.07,1.071,1.071,1.136,-1.6%,1.95,是,↓,✗ 趋势偏弱,2026-05-21
512890,红利低波ETF,1.161,1.164,1.17,1.181,1.186,1.178,-2.1%,0.68,是,↓,✗ 趋势偏弱,2026-05-21
512980,传媒ETF,0.943,0.974,0.994,1.002,1.01,1.07,-6.7%,0.98,是,↓,✗ 趋势偏弱,2026-05-21
513180,恒生科技ETF,0.608,0.619,0.634,0.634,0.632,0.679,-3.8%,1.11,是,↓,✗ 趋势偏弱,2026-05-21
515070,人工智能ETF,2.442,2.491,2.49,2.371,2.12,2.071,+15.2%,1.05,否,↓,- 趋势完好,2026-05-21
515790,光伏ETF,1.093,1.109,1.116,1.093,1.09,1.074,+0.2%,1.39,是,↓,▲ 接近支撑,2026-05-21
515880,通信ETF,1.44,1.497,1.5,1.429,1.248,1.818,+15.4%,1.43,否,↓,✗ 趋势偏弱,2026-05-21
516110,汽车ETF,1.3,1.292,1.307,1.317,1.318,1.359,-1.4%,1.83,是,↓,✗ 趋势偏弱,2026-05-21
516160,新能源ETF,3.146,3.194,3.246,3.255,3.157,3.075,-0.4%,0.94,是,↓,✗ 趋势偏弱,2026-05-21
517520,黄金股ETF,1.905,1.98,2.111,2.166,2.253,2.34,-15.4%,1.3,是,↓,✗ 趋势偏弱,2026-05-21
562500,机器人ETF,1.187,1.185,1.16,1.095,1.019,1.034,+16.5%,1.53,否,↑,◇ 多头排列,2026-05-21
562800,稀有金属ETF,1.053,1.08,1.128,1.135,1.074,1.056,-2.0%,1.07,是,↓,✗ 趋势偏弱,2026-05-21
588000,科创50ETF,1.86,1.85,1.829,1.713,1.536,1.529,+21.1%,1.32,否,↑,◇ 多头排列,2026-05-21
159869,游戏ETF,1.213,1.24,1.272,1.29,1.312,1.424,-7.5%,0.82,是,↓,✗ 趋势偏弱,2026-05-22
159915,创业板ETF,3.946,3.914,3.943,3.833,3.545,3.407,+11.3%,1.05,否,↓,◇ 多头排列,2026-05-22
159995,芯片ETF,2.536,2.467,2.399,2.216,1.94,1.914,+30.8%,0.94,否,↑,◇ 多头排列,2026-05-22
510300,沪深300ETF,4.862,4.852,4.903,4.865,4.709,4.727,+3.2%,1.1,否,↓,▲ 接近支撑,2026-05-22
510500,中证500ETF,8.658,8.649,8.741,8.613,8.249,8.222,+5.0%,1.06,否,↓,- 趋势完好,2026-05-22
510880,红利ETF,3.156,3.196,3.219,3.26,3.263,3.222,-3.3%,1.12,是,↓,✗ 趋势偏弱,2026-05-22
512010,医药ETF,0.345,0.348,0.357,0.362,0.366,0.375,-5.6%,1.0,是,↓,✗ 趋势偏弱,2026-05-22
512100,中证1000ETF,3.495,3.503,3.523,3.454,3.294,3.272,+6.1%,1.07,否,↓,- 趋势完好,2026-05-22
512200,房地产ETF,1.372,1.399,1.439,1.43,1.406,1.466,-2.5%,0.92,是,↓,✗ 趋势偏弱,2026-05-22
512400,有色金属ETF,2.019,1.988,2.072,2.106,2.083,2.127,-3.1%,0.88,是,↓,✗ 趋势偏弱,2026-05-22
512480,半导体ETF,2.189,2.147,2.095,1.938,1.691,1.648,+29.4%,0.95,否,↑,◇ 多头排列,2026-05-22
512580,环保ETF,1.431,1.432,1.442,1.435,1.397,1.359,+2.4%,0.74,是,↓,▲ 接近支撑,2026-05-22
512660,军工ETF,1.357,1.363,1.406,1.41,1.376,1.419,-1.4%,0.99,是,↓,✗ 趋势偏弱,2026-05-22
512690,酒ETF,0.444,0.451,0.458,0.471,0.486,0.512,-8.7%,0.91,是,↓,✗ 趋势偏弱,2026-05-22
512800,银行ETF,0.769,0.771,0.776,0.786,0.791,0.793,-2.8%,0.9,是,↓,✗ 趋势偏弱,2026-05-22
512880,证券ETF,1.037,1.049,1.066,1.07,1.069,1.134,-3.0%,1.14,是,↓,✗ 趋势偏弱,2026-05-22
512890,红利低波ETF,1.155,1.162,1.168,1.179,1.186,1.177,-2.6%,1.39,是,↓,✗ 趋势偏弱,2026-05-22
512980,传媒ETF,0.941,0.965,0.985,0.997,1.008,1.07,-6.6%,0.88,是,↓,✗ 趋势偏弱,2026-05-22
513180,恒生科技ETF,0.618,0.617,0.63,0.632,0.632,0.678,-2.2%,0.91,是,↓,✗ 趋势偏弱,2026-05-22
515070,人工智能ETF,2.505,2.499,2.501,2.387,2.131,2.077,+17.5%,1.0,否,↓,◇ 多头排列,2026-05-22
515790,光伏ETF,1.111,1.11,1.118,1.095,1.09,1.076,+2.0%,0.81,是,↓,- 趋势完好,2026-05-22
515880,通信ETF,1.505,1.498,1.507,1.437,1.257,1.803,+19.7%,1.06,否,↓,✗ 趋势偏弱,2026-05-22
516110,汽车ETF,1.304,1.293,1.304,1.315,1.318,1.358,-1.0%,1.15,是,↑,✗ 趋势偏弱,2026-05-22
516160,新能源ETF,3.196,3.193,3.236,3.253,3.159,3.079,+1.2%,1.12,是,↓,▲ 接近支撑,2026-05-22
517520,黄金股ETF,1.957,1.961,2.075,2.147,2.241,2.34,-12.7%,0.86,是,↓,✗ 趋势偏弱,2026-05-22
562500,机器人ETF,1.208,1.194,1.169,1.105,1.023,1.036,+18.1%,1.11,否,↑,◇ 多头排列,2026-05-22
562800,稀有金属ETF,1.084,1.076,1.118,1.132,1.074,1.058,+0.9%,0.74,是,↓,▲ 接近支撑,2026-05-22
588000,科创50ETF,1.887,1.87,1.845,1.732,1.544,1.533,+22.2%,0.95,否,↑,◇ 多头排列,2026-05-22
159869,游戏ETF,1.183,1.226,1.257,1.283,1.307,1.422,-9.5%,1.48,是,↓,✗ 趋势偏弱,2026-05-25
159915,创业板ETF,4.034,3.936,3.952,3.847,3.56,3.417,+13.3%,1.01,否,↓,◇ 多头排列,2026-05-25
159995,芯片ETF,2.727,2.543,2.441,2.258,1.957,1.924,+39.3%,1.08,否,↑,◇ 多头排列,2026-05-25
510300,沪深300ETF,4.937,4.869,4.9,4.872,4.714,4.73,+4.7%,1.31,否,↓,◇ 多头排列,2026-05-25
510500,中证500ETF,8.786,8.68,8.728,8.629,8.255,8.238,+6.4%,0.81,否,↑,◇ 多头排列,2026-05-25
510880,红利ETF,3.185,3.19,3.211,3.256,3.261,3.222,-2.3%,1.28,是,↓,✗ 趋势偏弱,2026-05-25
512010,医药ETF,0.34,0.346,0.354,0.361,0.365,0.375,-6.8%,1.22,是,↓,✗ 趋势偏弱,2026-05-25
512100,中证1000ETF,3.539,3.511,3.521,3.461,3.298,3.278,+7.3%,0.91,否,↑,◇ 多头排列,2026-05-25
512200,房地产ETF,1.382,1.392,1.426,1.429,1.405,1.466,-1.6%,1.14,是,↓,✗ 趋势偏弱,2026-05-25
512400,有色金属ETF,2.025,1.991,2.053,2.098,2.078,2.129,-2.5%,1.21,是,↓,✗ 趋势偏弱,2026-05-25
512480,半导体ETF,2.348,2.205,2.128,1.971,1.706,1.658,+37.6%,1.03,否,↑,◇ 多头排列,2026-05-25
512580,环保ETF,1.423,1.431,1.438,1.436,1.398,1.361,+1.8%,1.0,是,↓,▲ 接近支撑,2026-05-25
512660,军工ETF,1.376,1.364,1.395,1.407,1.374,1.42,+0.2%,1.11,是,↓,✗ 趋势偏弱,2026-05-25
512690,酒ETF,0.448,0.451,0.456,0.469,0.485,0.511,-7.6%,1.09,是,↓,✗ 趋势偏弱,2026-05-25
512800,银行ETF,0.767,0.77,0.775,0.785,0.791,0.792,-3.1%,0.63,是,↓,✗ 趋势偏弱,2026-05-25
512880,证券ETF,1.045,1.048,1.06,1.068,1.068,1.132,-2.1%,0.84,是,↓,✗ 趋势偏弱,2026-05-25
512890,红利低波ETF,1.152,1.16,1.166,1.177,1.185,1.177,-2.8%,0.88,是,↓,✗ 趋势偏弱,2026-05-25
512980,传媒ETF,0.932,0.957,0.975,0.992,1.005,1.07,-7.2%,0.87,是,↓,✗ 趋势偏弱,2026-05-25
513180,恒生科技ETF,0.617,0.617,0.627,0.631,0.631,0.677,-2.2%,0.44,是,↓,✗ 趋势偏弱,2026-05-25
515070,人工智能ETF,2.605,2.522,2.515,2.405,2.144,2.085,+21.5%,1.02,否,↑,◇ 多头排列,2026-05-25
515790,光伏ETF,1.123,1.114,1.118,1.097,1.089,1.078,+3.1%,0.76,是,↑,◇ 多头排列,2026-05-25
515880,通信ETF,1.562,1.507,1.515,1.445,1.267,1.789,+23.3%,1.05,否,↑,✗ 趋势偏弱,2026-05-25
516110,汽车ETF,1.3,1.295,1.3,1.313,1.317,1.357,-1.3%,1.11,是,↑,✗ 趋势偏弱,2026-05-25
516160,新能源ETF,3.174,3.189,3.219,3.249,3.16,3.084,+0.4%,0.87,是,↓,▲ 接近支撑,2026-05-25
517520,黄金股ETF,1.98,1.955,2.047,2.131,2.229,2.34,-11.2%,0.69,是,↓,✗ 趋势偏弱,2026-05-25
562500,机器人ETF,1.216,1.2,1.176,1.115,1.026,1.039,+18.5%,1.16,否,↑,◇ 多头排列,2026-05-25
562800,稀有金属ETF,1.093,1.075,1.107,1.13,1.073,1.06,+1.8%,0.53,是,↓,▲ 接近支撑,2026-05-25
588000,科创50ETF,1.998,1.909,1.863,1.756,1.554,1.54,+28.6%,1.25,否,↑,◇ 多头排列,2026-05-25
159869,游戏ETF,1.18,1.208,1.244,1.277,1.302,1.419,-9.4%,0.8,是,↓,✗ 趋势偏弱,2026-05-26
159915,创业板ETF,4.055,3.963,3.964,3.864,3.574,3.426,+13.4%,1.18,否,↑,◇ 多头排列,2026-05-26
159995,芯片ETF,2.707,2.599,2.479,2.299,1.975,1.935,+37.1%,1.25,否,↑,◇ 多头排列,2026-05-26
510300,沪深300ETF,4.972,4.89,4.901,4.88,4.72,4.733,+5.3%,0.78,否,↑,◇ 多头排列,2026-05-26
510500,中证500ETF,8.752,8.689,8.717,8.648,8.261,8.253,+6.0%,0.33,否,↑,◇ 多头排列,2026-05-26
510880,红利ETF,3.186,3.183,3.204,3.25,3.259,3.222,-2.2%,0.81,是,↓,✗ 趋势偏弱,2026-05-26
512010,医药ETF,0.34,0.344,0.35,0.36,0.364,0.375,-6.7%,0.83,是,↓,✗ 趋势偏弱,2026-05-26
512100,中证1000ETF,3.499,3.502,3.517,3.468,3.301,3.284,+6.0%,0.54,否,↓,- 趋势完好,2026-05-26
512200,房地产ETF,1.369,1.381,1.412,1.428,1.403,1.465,-2.4%,0.87,是,↓,✗ 趋势偏弱,2026-05-26
512400,有色金属ETF,2.095,2.014,2.044,2.098,2.074,2.132,+1.0%,1.5,是,↑,✗ 趋势偏弱,2026-05-26
512480,半导体ETF,2.321,2.243,2.157,2.005,1.721,1.667,+34.9%,1.1,否,↑,◇ 多头排列,2026-05-26
512580,环保ETF,1.425,1.428,1.434,1.437,1.398,1.363,+1.9%,0.63,是,↓,▲ 接近支撑,2026-05-26
512660,军工ETF,1.348,1.358,1.383,1.404,1.371,1.421,-1.7%,0.88,是,↓,✗ 趋势偏弱,2026-05-26
512690,酒ETF,0.444,0.449,0.453,0.467,0.484,0.51,-8.2%,0.97,是,↓,✗ 趋势偏弱,2026-05-26
512800,银行ETF,0.771,0.769,0.774,0.783,0.791,0.792,-2.5%,0.86,是,↓,✗ 趋势偏弱,2026-05-26
512880,证券ETF,1.056,1.048,1.056,1.068,1.066,1.131,-1.0%,1.19,是,↓,✗ 趋势偏弱,2026-05-26
512890,红利低波ETF,1.156,1.158,1.164,1.175,1.184,1.177,-2.4%,0.87,是,↓,✗ 趋势偏弱,2026-05-26
512980,传媒ETF,0.921,0.941,0.966,0.986,1.001,1.069,-8.0%,0.88,是,↓,✗ 趋势偏弱,2026-05-26
513180,恒生科技ETF,0.63,0.619,0.625,0.631,0.631,0.676,-0.1%,1.51,是,↓,✗ 趋势偏弱,2026-05-26
515070,人工智能ETF,2.59,2.536,2.525,2.422,2.156,2.092,+20.1%,0.91,否,↑,◇ 多头排列,2026-05-26
515790,光伏ETF,1.114,1.113,1.117,1.099,1.088,1.08,+2.4%,0.78,是,↓,- 趋势完好,2026-05-26
515880,通信ETF,1.548,1.514,1.52,1.453,1.276,1.775,+21.4%,0.89,否,↑,✗ 趋势偏弱,2026-05-26
516110,汽车ETF,1.305,1.297,1.299,1.312,1.316,1.357,-0.8%,1.33,是,↑,✗ 趋势偏弱,2026-05-26
516160,新能源ETF,3.18,3.185,3.207,3.248,3.159,3.088,+0.7%,0.79,是,↓,▲ 接近支撑,2026-05-26
517520,黄金股ETF,2.047,1.968,2.027,2.122,2.218,2.34,-7.7%,0.88,是,↓,✗ 趋势偏弱,2026-05-26
562500,机器人ETF,1.205,1.202,1.184,1.124,1.03,1.042,+17.0%,1.45,否,↑,◇ 多头排列,2026-05-26
562800,稀有金属ETF,1.105,1.083,1.1,1.131,1.073,1.062,+2.9%,0.76,是,↓,▲ 接近支撑,2026-05-26
588000,科创50ETF,1.968,1.929,1.878,1.779,1.564,1.546,+25.8%,1.06,否,↑,◇ 多头排列,2026-05-26
159869,游戏ETF,1.165,1.191,1.228,1.271,1.297,1.417,-10.2%,1.0,是,↓,✗ 趋势偏弱,2026-05-27
159915,创业板ETF,4.056,3.987,3.964,3.883,3.589,3.435,+13.0%,1.29,否,↑,◇ 多头排列,2026-05-27
159995,芯片ETF,2.631,2.616,2.504,2.335,1.991,1.944,+32.1%,1.42,否,↑,◇ 多头排列,2026-05-27
510300,沪深300ETF,4.932,4.902,4.892,4.888,4.724,4.735,+4.4%,0.52,否,↑,◇ 多头排列,2026-05-27
510500,中证500ETF,8.614,8.663,8.678,8.663,8.265,8.265,+4.2%,0.46,否,↓,▲ 接近支撑,2026-05-27
510880,红利ETF,3.17,3.174,3.197,3.245,3.254,3.222,-2.6%,1.15,是,↓,✗ 趋势偏弱,2026-05-27
512010,医药ETF,0.342,0.343,0.348,0.359,0.364,0.374,-6.0%,1.34,是,↓,✗ 趋势偏弱,2026-05-27
512100,中证1000ETF,3.437,3.48,3.501,3.474,3.303,3.288,+4.1%,0.77,否,↓,▲ 接近支撑,2026-05-27
512200,房地产ETF,1.329,1.363,1.396,1.425,1.4,1.463,-5.1%,0.65,是,↓,✗ 趋势偏弱,2026-05-27
512400,有色金属ETF,2.013,2.02,2.024,2.093,2.07,2.134,-2.7%,1.12,是,↑,✗ 趋势偏弱,2026-05-27
512480,半导体ETF,2.265,2.251,2.175,2.034,1.735,1.675,+30.5%,1.12,否,↑,◇ 多头排列,2026-05-27
512580,环保ETF,1.436,1.426,1.431,1.438,1.398,1.365,+2.7%,1.04,是,↓,▲ 接近支撑,2026-05-27
512660,军工ETF,1.323,1.348,1.367,1.4,1.368,1.422,-3.3%,0.72,是,↓,✗ 趋势偏弱,2026-05-27
512690,酒ETF,0.453,0.449,0.452,0.465,0.483,0.509,-6.1%,2.22,是,↓,✗ 趋势偏弱,2026-05-27
512800,银行ETF,0.767,0.769,0.772,0.781,0.79,0.791,-3.0%,0.82,是,↓,✗ 趋势偏弱,2026-05-27
512880,证券ETF,1.043,1.047,1.051,1.067,1.065,1.129,-2.0%,1.0,是,↓,✗ 趋势偏弱,2026-05-27
512890,红利低波ETF,1.15,1.155,1.161,1.172,1.183,1.177,-2.8%,1.07,是,↓,✗ 趋势偏弱,2026-05-27
512980,传媒ETF,0.909,0.929,0.955,0.982,0.998,1.069,-8.9%,1.2,是,↓,✗ 趋势偏弱,2026-05-27
513180,恒生科技ETF,0.62,0.619,0.623,0.631,0.63,0.675,-1.6%,0.85,是,↓,✗ 趋势偏弱,2026-05-27
515070,人工智能ETF,2.54,2.536,2.522,2.439,2.168,2.098,+17.2%,1.1,否,↑,◇ 多头排列,2026-05-27
515790,光伏ETF,1.12,1.112,1.114,1.102,1.086,1.082,+3.1%,1.27,是,↓,◇ 多头排列,2026-05-27
515880,通信ETF,1.539,1.519,1.518,1.463,1.285,1.76,+19.8%,1.09,否,↑,✗ 趋势偏弱,2026-05-27
516110,汽车ETF,1.279,1.298,1.294,1.309,1.314,1.355,-2.7%,1.8,是,↑,✗ 趋势偏弱,2026-05-27
516160,新能源ETF,3.18,3.175,3.192,3.246,3.158,3.092,+0.7%,0.79,是,↓,▲ 接近支撑,2026-05-27
517520,黄金股ETF,1.957,1.969,1.999,2.11,2.207,2.339,-11.3%,1.28,是,↑,✗ 趋势偏弱,2026-05-27
562500,机器人ETF,1.163,1.196,1.184,1.132,1.032,1.044,+12.6%,1.23,否,↓,- 趋势完好,2026-05-27
562800,稀有金属ETF,1.071,1.081,1.089,1.128,1.073,1.064,-0.2%,0.66,是,↓,✗ 趋势偏弱,2026-05-27
588000,科创50ETF,1.911,1.925,1.883,1.798,1.573,1.551,+21.5%,1.08,否,↓,- 趋势完好,2026-05-27
159869,游戏ETF,1.157,1.18,1.216,1.265,1.293,1.414,-10.5%,0.98,是,↓,✗ 趋势偏弱,2026-05-28
159915,创业板ETF,4.138,4.046,3.982,3.907,3.606,3.445,+14.8%,1.02,否,↑,◇ 多头排列,2026-05-28
159995,芯片ETF,2.637,2.648,2.535,2.366,2.008,1.953,+31.4%,1.0,否,↑,- 趋势完好,2026-05-28
510300,沪深300ETF,4.932,4.927,4.891,4.895,4.73,4.737,+4.3%,0.36,否,↑,◇ 多头排列,2026-05-28
510500,中证500ETF,8.649,8.692,8.666,8.677,8.271,8.278,+4.6%,0.47,否,↓,▲ 接近支撑,2026-05-28
510880,红利ETF,3.17,3.173,3.192,3.239,3.251,3.222,-2.5%,0.91,是,↓,✗ 趋势偏弱,2026-05-28
512010,医药ETF,0.336,0.341,0.345,0.357,0.363,0.374,-7.5%,0.86,是,↓,✗ 趋势偏弱,2026-05-28
512100,中证1000ETF,3.472,3.488,3.495,3.481,3.306,3.293,+5.0%,0.77,否,↓,- 趋势完好,2026-05-28
512200,房地产ETF,1.341,1.359,1.385,1.424,1.397,1.462,-4.0%,0.61,是,↓,✗ 趋势偏弱,2026-05-28
512400,有色金属ETF,1.991,2.029,2.01,2.088,2.066,2.135,-3.6%,1.03,是,↑,✗ 趋势偏弱,2026-05-28
512480,半导体ETF,2.294,2.283,2.2,2.061,1.75,1.684,+31.1%,0.94,否,↑,◇ 多头排列,2026-05-28
512580,环保ETF,1.45,1.433,1.432,1.44,1.398,1.367,+3.7%,1.1,否,↓,◇ 多头排列,2026-05-28
512660,军工ETF,1.344,1.35,1.359,1.397,1.367,1.423,-1.7%,1.17,是,↓,✗ 趋势偏弱,2026-05-28
512690,酒ETF,0.443,0.446,0.45,0.463,0.481,0.508,-8.0%,1.1,是,↓,✗ 趋势偏弱,2026-05-28
512800,银行ETF,0.761,0.767,0.77,0.779,0.79,0.79,-3.6%,1.32,是,↓,✗ 趋势偏弱,2026-05-28
512880,证券ETF,1.021,1.04,1.046,1.065,1.063,1.127,-4.0%,1.18,是,↓,✗ 趋势偏弱,2026-05-28
512890,红利低波ETF,1.144,1.151,1.158,1.17,1.182,1.176,-3.2%,1.1,是,↓,✗ 趋势偏弱,2026-05-28
512980,传媒ETF,0.902,0.921,0.947,0.978,0.995,1.068,-9.4%,1.11,是,↓,✗ 趋势偏弱,2026-05-28
513180,恒生科技ETF,0.618,0.621,0.62,0.63,0.629,0.674,-1.8%,0.82,是,↓,✗ 趋势偏弱,2026-05-28
515070,人工智能ETF,2.585,2.565,2.528,2.457,2.181,2.105,+18.5%,1.14,否,↑,◇ 多头排列,2026-05-28
515790,光伏ETF,1.128,1.119,1.114,1.105,1.086,1.083,+3.9%,1.18,否,↓,◇ 多头排列,2026-05-28
515880,通信ETF,1.619,1.555,1.526,1.476,1.295,1.745,+25.0%,1.23,否,↑,✗ 趋势偏弱,2026-05-28
516110,汽车ETF,1.256,1.289,1.291,1.306,1.312,1.354,-4.3%,1.08,是,↓,✗ 趋势偏弱,2026-05-28
516160,新能源ETF,3.201,3.186,3.19,3.244,3.157,3.096,+1.4%,0.76,是,↓,▲ 接近支撑,2026-05-28
517520,黄金股ETF,1.893,1.967,1.973,2.096,2.196,2.337,-13.8%,1.32,是,↓,✗ 趋势偏弱,2026-05-28
562500,机器人ETF,1.165,1.191,1.188,1.139,1.036,1.046,+12.5%,0.93,否,↓,- 趋势完好,2026-05-28
562800,稀有金属ETF,1.085,1.088,1.084,1.127,1.073,1.066,+1.1%,0.6,是,↓,▲ 接近支撑,2026-05-28
588000,科创50ETF,1.942,1.941,1.896,1.815,1.583,1.556,+22.7%,1.09,否,↓,◇ 多头排列,2026-05-28
159869,游戏ETF,1.14,1.165,1.202,1.258,1.288,1.411,-11.5%,0.77,是,↓,✗ 趋势偏弱,2026-05-29
159915,创业板ETF,4.053,4.067,3.99,3.93,3.62,3.453,+12.0%,1.15,否,↑,- 趋势完好,2026-05-29
159995,芯片ETF,2.491,2.639,2.553,2.392,2.021,1.96,+23.3%,0.92,否,↓,- 趋势完好,2026-05-29
510300,沪深300ETF,4.923,4.939,4.896,4.903,4.734,4.739,+4.0%,0.55,否,↑,- 趋势完好,2026-05-29
510500,中证500ETF,8.443,8.649,8.649,8.685,8.275,8.287,+2.0%,0.48,否,↓,▲ 接近支撑,2026-05-29
510880,红利ETF,3.206,3.183,3.19,3.234,3.248,3.223,-1.3%,1.33,是,↓,✗ 趋势偏弱,2026-05-29
512010,医药ETF,0.344,0.34,0.344,0.356,0.363,0.373,-5.1%,1.41,是,↓,✗ 趋势偏弱,2026-05-29
512100,中证1000ETF,3.383,3.466,3.485,3.485,3.308,3.296,+2.3%,1.48,否,↓,▲ 接近支撑,2026-05-29
512200,房地产ETF,1.354,1.355,1.377,1.422,1.395,1.46,-2.9%,1.14,是,↓,✗ 趋势偏弱,2026-05-29
512400,有色金属ETF,1.965,2.018,2.003,2.084,2.062,2.136,-4.7%,0.83,是,↓,✗ 趋势偏弱,2026-05-29
512480,半导体ETF,2.16,2.278,2.212,2.082,1.762,1.691,+22.6%,1.1,否,↓,- 趋势完好,2026-05-29
512580,环保ETF,1.416,1.43,1.431,1.441,1.398,1.368,+1.3%,1.12,是,↓,▲ 接近支撑,2026-05-29
512660,军工ETF,1.284,1.335,1.349,1.393,1.364,1.423,-5.9%,1.1,是,↓,✗ 趋势偏弱,2026-05-29
512690,酒ETF,0.457,0.449,0.45,0.462,0.48,0.507,-4.8%,2.14,是,↓,✗ 趋势偏弱,2026-05-29
512800,银行ETF,0.776,0.768,0.77,0.778,0.789,0.79,-1.7%,1.33,是,↓,✗ 趋势偏弱,2026-05-29
512880,证券ETF,1.033,1.04,1.044,1.064,1.062,1.125,-2.7%,1.31,是,↓,✗ 趋势偏弱,2026-05-29
512890,红利低波ETF,1.167,1.154,1.158,1.169,1.181,1.176,-1.2%,1.31,是,↓,✗ 趋势偏弱,2026-05-29
512980,传媒ETF,0.903,0.913,0.939,0.974,0.992,1.068,-9.0%,0.99,是,↓,✗ 趋势偏弱,2026-05-29
513180,恒生科技ETF,0.62,0.621,0.619,0.63,0.629,0.673,-1.4%,1.03,是,↑,✗ 趋势偏弱,2026-05-29
515070,人工智能ETF,2.494,2.563,2.531,2.472,2.192,2.11,+13.8%,1.17,否,↓,- 趋势完好,2026-05-29
515790,光伏ETF,1.075,1.112,1.111,1.107,1.084,1.084,-0.9%,1.15,是,↓,✗ 趋势偏弱,2026-05-29
515880,通信ETF,1.59,1.572,1.535,1.489,1.306,1.73,+21.8%,1.38,否,↑,✗ 趋势偏弱,2026-05-29
516110,汽车ETF,1.236,1.275,1.284,1.302,1.31,1.353,-5.7%,0.71,是,↓,✗ 趋势偏弱,2026-05-29
516160,新能源ETF,3.117,3.17,3.182,3.242,3.156,3.098,-1.2%,1.07,是,↓,✗ 趋势偏弱,2026-05-29
517520,黄金股ETF,1.89,1.953,1.957,2.084,2.186,2.336,-13.6%,0.65,是,↓,✗ 趋势偏弱,2026-05-29
562500,机器人ETF,1.118,1.173,1.184,1.144,1.038,1.048,+7.7%,0.95,否,↓,- 趋势完好,2026-05-29
562800,稀有金属ETF,1.055,1.082,1.079,1.125,1.074,1.067,-1.8%,0.91,是,↓,✗ 趋势偏弱,2026-05-29
588000,科创50ETF,1.844,1.933,1.902,1.829,1.591,1.56,+15.9%,1.25,否,↓,- 趋势完好,2026-05-29
159869,游戏ETF,1.164,1.161,1.194,1.25,1.284,1.408,-9.3%,0.88,是,↓,✗ 趋势偏弱,2026-06-01
159915,创业板ETF,3.964,4.053,3.995,3.943,3.634,3.46,+9.1%,0.93,否,↓,- 趋势完好,2026-06-01
159995,芯片ETF,2.357,2.565,2.554,2.411,2.032,1.966,+16.0%,0.98,否,↓,- 趋势完好,2026-06-01
510300,沪深300ETF,4.868,4.925,4.897,4.905,4.739,4.74,+2.7%,0.43,否,↓,▲ 接近支撑,2026-06-01
510500,中证500ETF,8.37,8.566,8.623,8.683,8.281,8.296,+1.1%,0.61,是,↓,▲ 接近支撑,2026-06-01
510880,红利ETF,3.307,3.208,3.199,3.232,3.248,3.224,+1.8%,2.31,是,↑,◇ 多头排列,2026-06-01
512010,医药ETF,0.34,0.34,0.343,0.354,0.362,0.373,-6.1%,1.14,是,↓,✗ 趋势偏弱,2026-06-01
512100,中证1000ETF,3.359,3.43,3.47,3.485,3.311,3.299,+1.4%,1.32,是,↓,▲ 接近支撑,2026-06-01
512200,房地产ETF,1.357,1.35,1.371,1.419,1.392,1.459,-2.5%,0.71,是,↓,✗ 趋势偏弱,2026-06-01
512400,有色金属ETF,1.949,2.003,1.997,2.074,2.06,2.137,-5.4%,0.73,是,↓,✗ 趋势偏弱,2026-06-01
512480,半导体ETF,2.046,2.217,2.211,2.098,1.772,1.696,+15.5%,1.07,否,↓,- 趋势完好,2026-06-01
512580,环保ETF,1.412,1.428,1.43,1.44,1.399,1.37,+0.9%,0.71,是,↓,▲ 接近支撑,2026-06-01
512660,军工ETF,1.269,1.314,1.339,1.388,1.362,1.422,-6.8%,0.94,是,↓,✗ 趋势偏弱,2026-06-01
512690,酒ETF,0.456,0.451,0.451,0.46,0.479,0.506,-4.8%,0.9,是,↑,✗ 趋势偏弱,2026-06-01
512800,银行ETF,0.785,0.772,0.771,0.777,0.789,0.79,-0.5%,1.17,是,↑,✗ 趋势偏弱,2026-06-01
512880,证券ETF,1.035,1.038,1.043,1.062,1.06,1.123,-2.4%,0.64,是,↓,✗ 趋势偏弱,2026-06-01
512890,红利低波ETF,1.181,1.16,1.16,1.168,1.181,1.176,+0.0%,1.31,是,↑,◇ 多头排列,2026-06-01
512980,传媒ETF,0.933,0.914,0.935,0.971,0.99,1.067,-5.8%,1.41,是,↓,✗ 趋势偏弱,2026-06-01
513180,恒生科技ETF,0.628,0.623,0.62,0.63,0.628,0.672,+0.0%,1.11,是,↑,✗ 趋势偏弱,2026-06-01
515070,人工智能ETF,2.426,2.527,2.525,2.483,2.202,2.115,+10.2%,1.0,否,↓,- 趋势完好,2026-06-01
515790,光伏ETF,1.066,1.101,1.107,1.107,1.083,1.085,-1.6%,0.99,是,↓,✗ 趋势偏弱,2026-06-01
515880,通信ETF,1.532,1.566,1.536,1.499,1.316,1.714,+16.4%,1.23,否,↓,✗ 趋势偏弱,2026-06-01
516110,汽车ETF,1.23,1.261,1.278,1.297,1.308,1.351,-6.0%,0.75,是,↓,✗ 趋势偏弱,2026-06-01
516160,新能源ETF,3.085,3.153,3.171,3.231,3.155,3.101,-2.2%,1.02,是,↓,✗ 趋势偏弱,2026-06-01
517520,黄金股ETF,1.899,1.937,1.946,2.069,2.177,2.334,-12.8%,0.45,是,↓,✗ 趋势偏弱,2026-06-01
562500,机器人ETF,1.102,1.151,1.176,1.148,1.04,1.049,+5.9%,0.68,否,↓,- 趋势完好,2026-06-01
562800,稀有金属ETF,1.034,1.07,1.073,1.119,1.074,1.068,-3.7%,0.55,是,↓,✗ 趋势偏弱,2026-06-01
588000,科创50ETF,1.754,1.884,1.897,1.838,1.597,1.563,+9.8%,1.11,否,↓,- 趋势完好,2026-06-01
159869,游戏ETF,1.133,1.152,1.18,1.242,1.279,1.405,-11.4%,0.99,是,↓,✗ 趋势偏弱,2026-06-02
159915,创业板ETF,4.071,4.056,4.01,3.962,3.648,3.469,+11.6%,1.03,否,↓,◇ 多头排列,2026-06-02
159995,芯片ETF,2.396,2.502,2.551,2.428,2.044,1.973,+17.2%,0.97,否,↓,- 趋势完好,2026-06-02
510300,沪深300ETF,4.936,4.918,4.904,4.911,4.744,4.741,+4.0%,0.61,否,↓,◇ 多头排列,2026-06-02
510500,中证500ETF,8.406,8.496,8.593,8.681,8.286,8.304,+1.4%,0.71,是,↓,▲ 接近支撑,2026-06-02
510880,红利ETF,3.308,3.232,3.208,3.23,3.248,3.225,+1.8%,1.78,是,↑,◇ 多头排列,2026-06-02
512010,医药ETF,0.336,0.34,0.342,0.352,0.361,0.372,-7.0%,1.07,是,↓,✗ 趋势偏弱,2026-06-02
512100,中证1000ETF,3.368,3.404,3.453,3.486,3.314,3.302,+1.6%,1.45,是,↓,▲ 接近支撑,2026-06-02
512200,房地产ETF,1.332,1.343,1.362,1.414,1.39,1.457,-4.2%,0.92,是,↓,✗ 趋势偏弱,2026-06-02
512400,有色金属ETF,2.015,1.987,2.0,2.069,2.058,2.138,-2.1%,1.01,是,↓,✗ 趋势偏弱,2026-06-02
512480,半导体ETF,2.08,2.169,2.206,2.111,1.782,1.703,+16.7%,0.91,否,↓,- 趋势完好,2026-06-02
512580,环保ETF,1.405,1.424,1.426,1.439,1.399,1.371,+0.4%,0.93,是,↓,▲ 接近支撑,2026-06-02
512660,军工ETF,1.267,1.297,1.328,1.381,1.359,1.422,-6.8%,1.13,是,↓,✗ 趋势偏弱,2026-06-02
512690,酒ETF,0.448,0.451,0.45,0.458,0.477,0.505,-6.2%,0.89,是,↑,✗ 趋势偏弱,2026-06-02
512800,银行ETF,0.79,0.776,0.773,0.777,0.789,0.789,+0.2%,1.22,是,↑,◇ 多头排列,2026-06-02
512880,证券ETF,1.037,1.034,1.041,1.059,1.058,1.122,-2.0%,0.91,是,↓,✗ 趋势偏弱,2026-06-02
512890,红利低波ETF,1.182,1.165,1.161,1.168,1.18,1.176,+0.1%,1.18,是,↑,◇ 多头排列,2026-06-02
512980,传媒ETF,0.906,0.911,0.926,0.967,0.987,1.067,-8.2%,1.05,是,↓,✗ 趋势偏弱,2026-06-02
513180,恒生科技ETF,0.652,0.628,0.623,0.631,0.628,0.671,+3.9%,1.46,是,↑,✗ 趋势偏弱,2026-06-02
515070,人工智能ETF,2.495,2.508,2.522,2.495,2.213,2.121,+12.7%,1.32,否,↓,- 趋势完好,2026-06-02
515790,光伏ETF,1.055,1.089,1.101,1.107,1.082,1.086,-2.5%,0.69,是,↓,✗ 趋势偏弱,2026-06-02
515880,通信ETF,1.635,1.583,1.549,1.515,1.327,1.699,+23.2%,1.46,否,↓,✗ 趋势偏弱,2026-06-02
516110,汽车ETF,1.25,1.25,1.274,1.294,1.306,1.349,-4.3%,0.57,是,↓,✗ 趋势偏弱,2026-06-02
516160,新能源ETF,3.075,3.132,3.158,3.22,3.154,3.102,-2.5%,0.76,是,↓,✗ 趋势偏弱,2026-06-02
517520,黄金股ETF,1.94,1.916,1.942,2.059,2.168,2.332,-10.5%,0.62,是,↓,✗ 趋势偏弱,2026-06-02
562500,机器人ETF,1.122,1.134,1.168,1.153,1.043,1.05,+7.6%,0.81,否,↓,- 趋势完好,2026-06-02
562800,稀有金属ETF,1.052,1.059,1.071,1.113,1.075,1.069,-2.1%,0.69,是,↓,✗ 趋势偏弱,2026-06-02
588000,科创50ETF,1.781,1.846,1.888,1.844,1.604,1.567,+11.0%,0.96,否,↓,- 趋势完好,2026-06-02
159869,游戏ETF,1.124,1.144,1.167,1.233,1.274,1.402,-11.8%,0.75,是,↓,✗ 趋势偏弱,2026-06-03
159915,创业板ETF,4.145,4.074,4.031,3.98,3.665,3.478,+13.1%,1.16,否,↑,◇ 多头排列,2026-06-03
159995,芯片ETF,2.483,2.473,2.544,2.442,2.058,1.981,+20.6%,1.12,否,↓,- 趋势完好,2026-06-03
510300,沪深300ETF,4.965,4.925,4.914,4.914,4.752,4.743,+4.5%,0.72,否,↓,◇ 多头排列,2026-06-03
510500,中证500ETF,8.455,8.465,8.564,8.671,8.296,8.313,+1.9%,0.53,是,↓,▲ 接近支撑,2026-06-03
510880,红利ETF,3.324,3.263,3.218,3.229,3.249,3.227,+2.3%,1.17,是,↑,◇ 多头排列,2026-06-03
512010,医药ETF,0.33,0.337,0.34,0.35,0.361,0.372,-8.5%,1.2,是,↓,✗ 趋势偏弱,2026-06-03
512100,中证1000ETF,3.389,3.394,3.437,3.484,3.318,3.305,+2.1%,1.53,是,↓,▲ 接近支撑,2026-06-03
512200,房地产ETF,1.316,1.34,1.352,1.406,1.388,1.455,-5.2%,0.55,是,↓,✗ 趋势偏弱,2026-06-03
512400,有色金属ETF,2.032,1.99,2.005,2.061,2.06,2.14,-1.4%,1.03,是,↓,✗ 趋势偏弱,2026-06-03
512480,半导体ETF,2.15,2.146,2.198,2.123,1.795,1.709,+19.8%,0.94,否,↓,- 趋势完好,2026-06-03
512580,环保ETF,1.4,1.417,1.421,1.435,1.4,1.372,+0.0%,1.06,是,↓,▲ 接近支撑,2026-06-03
512660,军工ETF,1.273,1.287,1.318,1.373,1.358,1.421,-6.2%,1.51,是,↓,✗ 趋势偏弱,2026-06-03
512690,酒ETF,0.444,0.45,0.449,0.456,0.476,0.504,-6.8%,1.14,是,↓,✗ 趋势偏弱,2026-06-03
512800,银行ETF,0.783,0.779,0.774,0.777,0.788,0.789,-0.7%,0.97,是,↑,✗ 趋势偏弱,2026-06-03
512880,证券ETF,1.035,1.032,1.04,1.057,1.057,1.12,-2.1%,0.96,是,↓,✗ 趋势偏弱,2026-06-03
512890,红利低波ETF,1.173,1.169,1.162,1.167,1.18,1.176,-0.6%,1.28,是,↑,✗ 趋势偏弱,2026-06-03
512980,传媒ETF,0.891,0.907,0.918,0.961,0.985,1.066,-9.5%,0.79,是,↓,✗ 趋势偏弱,2026-06-03
513180,恒生科技ETF,0.641,0.632,0.625,0.632,0.628,0.67,+2.1%,0.79,是,↑,✗ 趋势偏弱,2026-06-03
515070,人工智能ETF,2.583,2.517,2.526,2.507,2.226,2.127,+16.1%,1.38,否,↓,◇ 多头排列,2026-06-03
515790,光伏ETF,1.065,1.078,1.095,1.106,1.081,1.087,-1.5%,0.92,是,↓,✗ 趋势偏弱,2026-06-03
515880,通信ETF,1.716,1.618,1.569,1.533,1.34,1.685,+28.0%,1.39,否,↑,◇ 多头排列,2026-06-03
516110,汽车ETF,1.234,1.241,1.269,1.29,1.304,1.348,-5.4%,0.64,是,↓,✗ 趋势偏弱,2026-06-03
516160,新能源ETF,3.06,3.108,3.141,3.204,3.155,3.104,-3.0%,0.68,是,↓,✗ 趋势偏弱,2026-06-03
517520,黄金股ETF,1.918,1.908,1.939,2.043,2.162,2.331,-11.3%,0.59,是,↓,✗ 趋势偏弱,2026-06-03
562500,机器人ETF,1.127,1.127,1.161,1.156,1.046,1.052,+7.7%,0.71,否,↓,- 趋势完好,2026-06-03
562800,稀有金属ETF,1.074,1.06,1.071,1.107,1.077,1.071,-0.3%,0.97,是,↓,✗ 趋势偏弱,2026-06-03
588000,科创50ETF,1.823,1.829,1.877,1.848,1.612,1.571,+13.1%,1.11,否,↓,- 趋势完好,2026-06-03
159869,游戏ETF,1.11,1.134,1.157,1.221,1.27,1.399,-12.6%,0.65,是,↓,✗ 趋势偏弱,2026-06-04
159915,创业板ETF,4.1,4.067,4.056,3.993,3.68,3.487,+11.4%,0.74,否,↓,◇ 多头排列,2026-06-04
159995,芯片ETF,2.53,2.451,2.549,2.456,2.074,1.988,+22.0%,0.66,否,↓,- 趋势完好,2026-06-04
510300,沪深300ETF,4.926,4.924,4.925,4.915,4.759,4.745,+3.5%,0.62,否,↓,◇ 多头排列,2026-06-04
510500,中证500ETF,8.448,8.424,8.558,8.655,8.309,8.322,+1.7%,0.52,是,↓,▲ 接近支撑,2026-06-04
510880,红利ETF,3.327,3.294,3.234,3.232,3.249,3.228,+2.4%,0.94,是,↑,◇ 多头排列,2026-06-04
512010,医药ETF,0.325,0.335,0.338,0.348,0.36,0.371,-9.7%,0.84,是,↓,✗ 趋势偏弱,2026-06-04
512100,中证1000ETF,3.385,3.377,3.433,3.478,3.324,3.308,+1.9%,0.88,是,↓,▲ 接近支撑,2026-06-04
512200,房地产ETF,1.306,1.333,1.346,1.398,1.386,1.454,-5.8%,0.5,是,↓,✗ 趋势偏弱,2026-06-04
512400,有色金属ETF,1.97,1.986,2.007,2.049,2.061,2.14,-4.4%,0.81,是,↓,✗ 趋势偏弱,2026-06-04
512480,半导体ETF,2.193,2.126,2.205,2.135,1.809,1.716,+21.2%,0.66,否,↓,- 趋势完好,2026-06-04
512580,环保ETF,1.378,1.402,1.418,1.431,1.399,1.373,-1.5%,1.05,是,↓,✗ 趋势偏弱,2026-06-04
512660,军工ETF,1.278,1.274,1.312,1.365,1.357,1.42,-5.8%,0.57,是,↓,✗ 趋势偏弱,2026-06-04
512690,酒ETF,0.433,0.448,0.447,0.454,0.475,0.503,-8.8%,0.83,是,↓,✗ 趋势偏弱,2026-06-04
512800,银行ETF,0.774,0.782,0.774,0.776,0.788,0.788,-1.8%,0.65,是,↑,✗ 趋势偏弱,2026-06-04
512880,证券ETF,1.022,1.032,1.036,1.053,1.056,1.118,-3.2%,0.9,是,↓,✗ 趋势偏弱,2026-06-04
512890,红利低波ETF,1.158,1.172,1.162,1.166,1.179,1.176,-1.8%,0.98,是,↑,✗ 趋势偏弱,2026-06-04
512980,传媒ETF,0.875,0.902,0.911,0.953,0.982,1.065,-10.9%,0.65,是,↓,✗ 趋势偏弱,2026-06-04
513180,恒生科技ETF,0.631,0.634,0.628,0.631,0.628,0.669,+0.6%,0.64,是,↑,✗ 趋势偏弱,2026-06-04
515070,人工智能ETF,2.566,2.513,2.539,2.515,2.239,2.133,+14.6%,0.74,否,↓,◇ 多头排列,2026-06-04
515790,光伏ETF,1.066,1.065,1.092,1.104,1.08,1.088,-1.3%,0.72,是,↓,✗ 趋势偏弱,2026-06-04
515880,通信ETF,1.708,1.636,1.595,1.548,1.353,1.671,+26.3%,1.05,否,↑,◇ 多头排列,2026-06-04
516110,汽车ETF,1.225,1.235,1.262,1.285,1.303,1.345,-6.0%,0.6,是,↓,✗ 趋势偏弱,2026-06-04
516160,新能源ETF,3.009,3.069,3.128,3.187,3.153,3.105,-4.6%,0.78,是,↓,✗ 趋势偏弱,2026-06-04
517520,黄金股ETF,1.863,1.902,1.934,2.023,2.156,2.33,-13.6%,0.55,是,↓,✗ 趋势偏弱,2026-06-04
562500,机器人ETF,1.129,1.12,1.156,1.158,1.05,1.053,+7.6%,0.6,否,↓,- 趋势完好,2026-06-04
562800,稀有金属ETF,1.054,1.054,1.071,1.099,1.079,1.072,-2.3%,0.68,是,↓,✗ 趋势偏弱,2026-06-04
588000,科创50ETF,1.832,1.807,1.874,1.851,1.621,1.575,+13.0%,0.62,否,↓,- 趋势完好,2026-06-04
159869,游戏ETF,1.122,1.131,1.148,1.21,1.268,1.395,-11.5%,1.01,是,↓,✗ 趋势偏弱,2026-06-05
159915,创业板ETF,3.977,4.051,4.059,4.001,3.695,3.495,+7.6%,1.0,否,↓,- 趋势完好,2026-06-05
159995,芯片ETF,2.403,2.434,2.536,2.468,2.089,1.995,+15.1%,0.9,否,↓,- 趋势完好,2026-06-05
510300,沪深300ETF,4.843,4.908,4.923,4.913,4.767,4.746,+1.6%,0.65,否,↓,▲ 接近支撑,2026-06-05
510500,中证500ETF,8.339,8.404,8.526,8.634,8.325,8.329,+0.2%,0.81,是,↓,▲ 接近支撑,2026-06-05
510880,红利ETF,3.321,3.317,3.25,3.235,3.251,3.23,+2.1%,1.22,否,↑,◇ 多头排列,2026-06-05
512010,医药ETF,0.327,0.332,0.336,0.346,0.359,0.371,-9.0%,1.01,是,↓,✗ 趋势偏弱,2026-06-05
512100,中证1000ETF,3.358,3.372,3.419,3.471,3.331,3.311,+0.8%,0.87,是,↓,▲ 接近支撑,2026-06-05
512200,房地产ETF,1.297,1.322,1.338,1.389,1.385,1.452,-6.3%,0.72,是,↓,✗ 趋势偏弱,2026-06-05
512400,有色金属ETF,1.926,1.978,1.998,2.035,2.063,2.14,-6.7%,0.78,是,↓,✗ 趋势偏弱,2026-06-05
512480,半导体ETF,2.091,2.112,2.195,2.145,1.822,1.723,+14.8%,0.71,否,↓,- 趋势完好,2026-06-05
512580,环保ETF,1.345,1.388,1.409,1.426,1.399,1.373,-3.8%,1.27,是,↓,✗ 趋势偏弱,2026-06-05
512660,军工ETF,1.274,1.272,1.304,1.355,1.357,1.419,-6.1%,0.91,是,↓,✗ 趋势偏弱,2026-06-05
512690,酒ETF,0.433,0.443,0.446,0.452,0.474,0.502,-8.6%,0.81,是,↓,✗ 趋势偏弱,2026-06-05
512800,银行ETF,0.784,0.783,0.776,0.776,0.788,0.788,-0.5%,0.99,是,↑,✗ 趋势偏弱,2026-06-05
512880,证券ETF,1.016,1.029,1.034,1.05,1.055,1.116,-3.7%,0.84,是,↓,✗ 趋势偏弱,2026-06-05
512890,红利低波ETF,1.159,1.171,1.162,1.165,1.179,1.176,-1.7%,0.84,是,↓,✗ 趋势偏弱,2026-06-05
512980,传媒ETF,0.874,0.896,0.905,0.945,0.981,1.064,-10.9%,0.62,是,↓,✗ 趋势偏弱,2026-06-05
513180,恒生科技ETF,0.621,0.635,0.628,0.629,0.628,0.668,-1.1%,0.73,是,↑,✗ 趋势偏弱,2026-06-05
515070,人工智能ETF,2.477,2.509,2.536,2.519,2.251,2.139,+10.0%,0.93,否,↓,- 趋势完好,2026-06-05
515790,光伏ETF,1.04,1.058,1.085,1.101,1.078,1.089,-3.5%,0.65,是,↓,✗ 趋势偏弱,2026-06-05
515880,通信ETF,1.663,1.651,1.611,1.559,1.365,1.657,+21.8%,1.52,否,↑,◇ 多头排列,2026-06-05
516110,汽车ETF,1.226,1.233,1.254,1.279,1.302,1.343,-5.8%,0.66,是,↓,✗ 趋势偏弱,2026-06-05
516160,新能源ETF,2.938,3.033,3.102,3.169,3.15,3.106,-6.7%,0.86,是,↓,✗ 趋势偏弱,2026-06-05
517520,黄金股ETF,1.829,1.89,1.922,1.998,2.152,2.327,-15.0%,0.55,是,↓,✗ 趋势偏弱,2026-06-05
562500,机器人ETF,1.163,1.129,1.151,1.16,1.055,1.054,+10.3%,1.37,否,↓,◇ 多头排列,2026-06-05
562800,稀有金属ETF,1.041,1.051,1.066,1.092,1.082,1.073,-3.8%,0.92,是,↓,✗ 趋势偏弱,2026-06-05
588000,科创50ETF,1.763,1.791,1.862,1.853,1.63,1.579,+8.2%,0.82,否,↓,- 趋势完好,2026-06-05
159869,游戏ETF,1.096,1.117,1.139,1.198,1.265,1.391,-13.3%,1.07,是,↓,✗ 趋势偏弱,2026-06-08
159915,创业板ETF,3.827,4.024,4.039,3.995,3.707,3.5,+3.2%,1.21,否,↓,▲ 接近支撑,2026-06-08
159995,芯片ETF,2.293,2.421,2.493,2.467,2.101,2.0,+9.2%,0.99,否,↓,- 趋势完好,2026-06-08
510300,沪深300ETF,4.739,4.882,4.904,4.902,4.772,4.744,-0.7%,1.04,是,↓,✗ 趋势偏弱,2026-06-08
510500,中证500ETF,8.068,8.343,8.454,8.591,8.334,8.332,-3.2%,0.89,是,↓,✗ 趋势偏弱,2026-06-08
510880,红利ETF,3.304,3.317,3.262,3.237,3.252,3.231,+1.6%,0.95,否,↓,- 趋势完好,2026-06-08
512010,医药ETF,0.322,0.328,0.334,0.344,0.359,0.37,-10.2%,1.0,是,↓,✗ 趋势偏弱,2026-06-08
512100,中证1000ETF,3.258,3.352,3.391,3.456,3.336,3.312,-2.3%,1.49,是,↓,✗ 趋势偏弱,2026-06-08
512200,房地产ETF,1.262,1.303,1.326,1.376,1.383,1.449,-8.7%,0.55,是,↓,✗ 趋势偏弱,2026-06-08
512400,有色金属ETF,1.82,1.953,1.978,2.015,2.062,2.139,-11.7%,1.19,是,↓,✗ 趋势偏弱,2026-06-08
512480,半导体ETF,1.995,2.102,2.16,2.144,1.833,1.727,+8.8%,0.82,否,↓,- 趋势完好,2026-06-08
512580,环保ETF,1.297,1.365,1.396,1.417,1.397,1.373,-7.2%,0.85,是,↓,✗ 趋势偏弱,2026-06-08
512660,军工ETF,1.22,1.262,1.288,1.342,1.356,1.417,-10.0%,0.94,是,↓,✗ 趋势偏弱,2026-06-08
512690,酒ETF,0.425,0.437,0.444,0.45,0.473,0.501,-10.1%,0.8,是,↓,✗ 趋势偏弱,2026-06-08
512800,银行ETF,0.789,0.784,0.778,0.776,0.788,0.788,+0.1%,1.33,是,↑,◇ 多头排列,2026-06-08
512880,证券ETF,1.001,1.022,1.03,1.045,1.054,1.113,-5.1%,1.05,是,↓,✗ 趋势偏弱,2026-06-08
512890,红利低波ETF,1.165,1.167,1.163,1.165,1.179,1.176,-1.2%,1.16,是,↓,✗ 趋势偏弱,2026-06-08
512980,传媒ETF,0.854,0.88,0.897,0.936,0.978,1.062,-12.7%,0.78,是,↓,✗ 趋势偏弱,2026-06-08
513180,恒生科技ETF,0.603,0.63,0.626,0.627,0.627,0.666,-3.9%,0.86,是,↓,✗ 趋势偏弱,2026-06-08
515070,人工智能ETF,2.379,2.5,2.514,2.514,2.261,2.142,+5.2%,0.96,否,↓,- 趋势完好,2026-06-08
515790,光伏ETF,0.987,1.043,1.072,1.095,1.076,1.089,-8.2%,0.71,是,↓,✗ 趋势偏弱,2026-06-08
515880,通信ETF,1.601,1.665,1.615,1.565,1.376,1.642,+16.3%,1.49,否,↑,✗ 趋势偏弱,2026-06-08
516110,汽车ETF,1.209,1.229,1.245,1.273,1.3,1.341,-7.0%,0.74,是,↓,✗ 趋势偏弱,2026-06-08
516160,新能源ETF,2.811,2.979,3.066,3.142,3.145,3.105,-10.6%,0.89,是,↓,✗ 趋势偏弱,2026-06-08
517520,黄金股ETF,1.716,1.853,1.895,1.971,2.143,2.324,-19.9%,1.63,是,↓,✗ 趋势偏弱,2026-06-08
562500,机器人ETF,1.168,1.142,1.146,1.161,1.06,1.056,+10.2%,1.41,否,↑,◇ 多头排列,2026-06-08
562800,稀有金属ETF,0.988,1.042,1.056,1.082,1.082,1.074,-8.7%,0.9,是,↓,✗ 趋势偏弱,2026-06-08
588000,科创50ETF,1.683,1.776,1.83,1.847,1.636,1.581,+2.9%,1.04,否,↓,▲ 接近支撑,2026-06-08
159869,游戏ETF,1.107,1.112,1.132,1.188,1.261,1.387,-12.2%,0.74,是,↓,✗ 趋势偏弱,2026-06-09
159915,创业板ETF,3.972,4.004,4.03,3.997,3.721,3.507,+6.8%,1.05,否,↓,- 趋势完好,2026-06-09
159995,芯片ETF,2.41,2.424,2.463,2.471,2.114,2.005,+14.0%,0.8,否,↓,- 趋势完好,2026-06-09
510300,沪深300ETF,4.826,4.86,4.889,4.895,4.778,4.744,+1.0%,0.51,是,↓,▲ 接近支撑,2026-06-09
510500,中证500ETF,8.27,8.316,8.406,8.562,8.342,8.335,-0.9%,0.7,是,↓,✗ 趋势偏弱,2026-06-09
510880,红利ETF,3.291,3.313,3.273,3.239,3.252,3.232,+1.2%,0.64,是,↓,- 趋势完好,2026-06-09
512010,医药ETF,0.32,0.325,0.332,0.341,0.358,0.369,-10.6%,1.08,是,↓,✗ 趋势偏弱,2026-06-09
512100,中证1000ETF,3.341,3.346,3.375,3.446,3.34,3.313,+0.0%,1.66,是,↓,▲ 接近支撑,2026-06-09
512200,房地产ETF,1.263,1.289,1.316,1.364,1.38,1.446,-8.5%,0.85,是,↓,✗ 趋势偏弱,2026-06-09
512400,有色金属ETF,1.869,1.923,1.955,1.999,2.06,2.137,-9.3%,1.03,是,↓,✗ 趋势偏弱,2026-06-09
512480,半导体ETF,2.109,2.108,2.138,2.148,1.845,1.733,+14.3%,0.84,否,↓,- 趋势完好,2026-06-09
512580,环保ETF,1.329,1.35,1.387,1.41,1.395,1.373,-4.8%,0.81,是,↓,✗ 趋势偏弱,2026-06-09
512660,军工ETF,1.235,1.256,1.277,1.33,1.354,1.415,-8.8%,0.67,是,↓,✗ 趋势偏弱,2026-06-09
512690,酒ETF,0.421,0.431,0.441,0.447,0.471,0.5,-10.7%,0.71,是,↓,✗ 趋势偏弱,2026-06-09
512800,银行ETF,0.792,0.784,0.78,0.777,0.788,0.787,+0.5%,1.92,是,↑,◇ 多头排列,2026-06-09
512880,证券ETF,1.005,1.016,1.025,1.04,1.053,1.111,-4.6%,0.77,是,↓,✗ 趋势偏弱,2026-06-09
512890,红利低波ETF,1.164,1.164,1.164,1.164,1.178,1.176,-1.2%,0.93,是,↓,✗ 趋势偏弱,2026-06-09
512980,传媒ETF,0.868,0.872,0.892,0.929,0.976,1.06,-11.0%,0.97,是,↓,✗ 趋势偏弱,2026-06-09
513180,恒生科技ETF,0.61,0.621,0.624,0.625,0.627,0.664,-2.7%,0.78,是,↓,✗ 趋势偏弱,2026-06-09
515070,人工智能ETF,2.461,2.493,2.501,2.513,2.272,2.147,+8.3%,0.75,否,↓,- 趋势完好,2026-06-09
515790,光伏ETF,1.014,1.034,1.062,1.089,1.073,1.089,-5.5%,0.59,是,↓,✗ 趋势偏弱,2026-06-09
515880,通信ETF,1.695,1.677,1.63,1.575,1.388,1.627,+22.1%,1.12,否,↑,◇ 多头排列,2026-06-09
516110,汽车ETF,1.214,1.222,1.236,1.267,1.298,1.338,-6.5%,0.89,是,↓,✗ 趋势偏弱,2026-06-09
516160,新能源ETF,2.902,2.944,3.038,3.122,3.14,3.104,-7.6%,1.03,是,↓,✗ 趋势偏弱,2026-06-09
517520,黄金股ETF,1.744,1.814,1.865,1.946,2.134,2.319,-18.3%,1.07,是,↓,✗ 趋势偏弱,2026-06-09
562500,机器人ETF,1.179,1.153,1.144,1.164,1.065,1.057,+10.8%,0.89,否,↑,◇ 多头排列,2026-06-09
562800,稀有金属ETF,1.035,1.038,1.049,1.074,1.083,1.074,-4.5%,0.82,是,↓,✗ 趋势偏弱,2026-06-09
588000,科创50ETF,1.755,1.771,1.809,1.844,1.644,1.583,+6.8%,0.78,否,↓,- 趋势完好,2026-06-09
159869,游戏ETF,1.091,1.105,1.124,1.176,1.257,1.383,-13.2%,0.75,是,↓,✗ 趋势偏弱,2026-06-10
159915,创业板ETF,3.87,3.949,4.012,3.988,3.733,3.513,+3.7%,0.85,否,↓,▲ 接近支撑,2026-06-10
159995,芯片ETF,2.387,2.405,2.439,2.471,2.129,2.01,+12.1%,0.75,否,↓,- 趋势完好,2026-06-10
510300,沪深300ETF,4.784,4.824,4.874,4.883,4.784,4.742,+0.0%,0.48,是,↓,▲ 接近支撑,2026-06-10
510500,中证500ETF,8.171,8.259,8.362,8.52,8.352,8.337,-2.2%,0.55,是,↓,✗ 趋势偏弱,2026-06-10
510880,红利ETF,3.261,3.301,3.282,3.239,3.252,3.232,+0.3%,0.67,是,↓,- 趋势完好,2026-06-10
512010,医药ETF,0.325,0.324,0.33,0.339,0.357,0.368,-9.1%,0.95,是,↓,✗ 趋势偏弱,2026-06-10
512100,中证1000ETF,3.303,3.329,3.362,3.431,3.345,3.314,-1.3%,0.68,是,↓,✗ 趋势偏弱,2026-06-10
512200,房地产ETF,1.264,1.278,1.309,1.353,1.378,1.444,-8.3%,0.53,是,↓,✗ 趋势偏弱,2026-06-10
512400,有色金属ETF,1.843,1.886,1.938,1.981,2.059,2.134,-10.5%,0.77,是,↓,✗ 趋势偏弱,2026-06-10
512480,半导体ETF,2.1,2.098,2.122,2.148,1.858,1.738,+13.0%,0.67,否,↓,- 趋势完好,2026-06-10
512580,环保ETF,1.308,1.331,1.374,1.402,1.394,1.373,-6.2%,0.74,是,↓,✗ 趋势偏弱,2026-06-10
512660,军工ETF,1.222,1.246,1.267,1.317,1.353,1.413,-9.7%,0.82,是,↓,✗ 趋势偏弱,2026-06-10
512690,酒ETF,0.426,0.428,0.439,0.445,0.47,0.498,-9.4%,0.92,是,↓,✗ 趋势偏弱,2026-06-10
512800,银行ETF,0.806,0.789,0.784,0.778,0.788,0.787,+2.2%,1.56,是,↑,◇ 多头排列,2026-06-10
512880,证券ETF,1.018,1.012,1.022,1.036,1.053,1.108,-3.3%,1.13,是,↓,✗ 趋势偏弱,2026-06-10
512890,红利低波ETF,1.172,1.164,1.166,1.164,1.178,1.176,-0.5%,1.33,是,↓,✗ 趋势偏弱,2026-06-10
512980,传媒ETF,0.853,0.865,0.886,0.92,0.973,1.058,-12.4%,0.65,是,↓,✗ 趋势偏弱,2026-06-10
513180,恒生科技ETF,0.599,0.613,0.622,0.622,0.627,0.663,-4.4%,0.89,是,↓,✗ 趋势偏弱,2026-06-10
515070,人工智能ETF,2.414,2.459,2.488,2.505,2.283,2.151,+5.7%,0.78,否,↓,- 趋势完好,2026-06-10
515790,光伏ETF,1.001,1.022,1.05,1.082,1.071,1.089,-6.5%,0.96,是,↓,✗ 趋势偏弱,2026-06-10
515880,通信ETF,1.63,1.659,1.639,1.579,1.4,1.612,+16.5%,1.14,否,↓,- 趋势完好,2026-06-10
516110,汽车ETF,1.183,1.211,1.226,1.26,1.296,1.336,-8.7%,0.97,是,↓,✗ 趋势偏弱,2026-06-10
516160,新能源ETF,2.849,2.902,3.005,3.098,3.135,3.103,-9.1%,1.53,是,↓,✗ 趋势偏弱,2026-06-10
517520,黄金股ETF,1.699,1.77,1.839,1.919,2.126,2.315,-20.1%,1.24,是,↓,✗ 趋势偏弱,2026-06-10
562500,机器人ETF,1.132,1.154,1.14,1.162,1.069,1.058,+5.9%,0.93,否,↑,- 趋势完好,2026-06-10
562800,稀有金属ETF,1.023,1.028,1.044,1.066,1.084,1.074,-5.7%,0.95,是,↓,✗ 趋势偏弱,2026-06-10
588000,科创50ETF,1.744,1.755,1.792,1.838,1.651,1.585,+5.6%,0.89,否,↓,- 趋势完好,2026-06-10
159869,游戏ETF,1.049,1.093,1.114,1.165,1.253,1.378,-16.3%,1.43,是,↓,✗ 趋势偏弱,2026-06-11
159915,创业板ETF,3.83,3.895,3.981,3.982,3.743,3.518,+2.3%,1.01,否,↓,▲ 接近支撑,2026-06-11
159995,芯片ETF,2.399,2.378,2.415,2.475,2.143,2.015,+11.9%,0.57,否,↓,- 趋势完好,2026-06-11
510300,沪深300ETF,4.751,4.789,4.856,4.874,4.788,4.741,-0.8%,0.53,是,↓,✗ 趋势偏弱,2026-06-11
510500,中证500ETF,8.133,8.196,8.31,8.488,8.358,8.338,-2.7%,0.39,是,↓,✗ 趋势偏弱,2026-06-11
510880,红利ETF,3.26,3.287,3.291,3.241,3.252,3.232,+0.2%,0.49,是,↓,- 趋势完好,2026-06-11
512010,医药ETF,0.325,0.324,0.329,0.337,0.357,0.368,-8.9%,0.74,是,↓,✗ 趋势偏弱,2026-06-11
512100,中证1000ETF,3.286,3.309,3.343,3.419,3.349,3.315,-1.9%,0.57,是,↓,✗ 趋势偏弱,2026-06-11
512200,房地产ETF,1.26,1.269,1.301,1.343,1.376,1.441,-8.4%,0.82,是,↓,✗ 趋势偏弱,2026-06-11
512400,有色金属ETF,1.88,1.868,1.927,1.969,2.057,2.133,-8.6%,1.18,是,↓,✗ 趋势偏弱,2026-06-11
512480,半导体ETF,2.13,2.085,2.105,2.153,1.871,1.743,+13.8%,0.65,否,↓,- 趋势完好,2026-06-11
512580,环保ETF,1.306,1.317,1.36,1.396,1.392,1.373,-6.2%,0.67,是,↓,✗ 趋势偏弱,2026-06-11
512660,军工ETF,1.219,1.234,1.254,1.307,1.351,1.41,-9.8%,0.74,是,↓,✗ 趋势偏弱,2026-06-11
512690,酒ETF,0.424,0.426,0.437,0.443,0.469,0.497,-9.5%,0.57,是,↓,✗ 趋势偏弱,2026-06-11
512800,银行ETF,0.802,0.795,0.788,0.779,0.789,0.787,+1.7%,1.54,是,↑,◇ 多头排列,2026-06-11
512880,证券ETF,1.008,1.01,1.021,1.033,1.052,1.106,-4.2%,0.87,是,↓,✗ 趋势偏弱,2026-06-11
512890,红利低波ETF,1.162,1.164,1.168,1.163,1.178,1.176,-1.3%,0.8,是,↓,✗ 趋势偏弱,2026-06-11
512980,传媒ETF,0.823,0.854,0.878,0.913,0.97,1.055,-15.2%,0.99,是,↓,✗ 趋势偏弱,2026-06-11
513180,恒生科技ETF,0.589,0.604,0.619,0.62,0.626,0.661,-5.9%,0.83,是,↓,✗ 趋势偏弱,2026-06-11
515070,人工智能ETF,2.352,2.417,2.465,2.496,2.293,2.154,+2.6%,0.88,否,↓,▲ 接近支撑,2026-06-11
515790,光伏ETF,0.998,1.008,1.037,1.075,1.069,1.088,-6.6%,0.64,是,↓,✗ 趋势偏弱,2026-06-11
515880,通信ETF,1.603,1.638,1.637,1.582,1.41,1.597,+13.7%,1.41,否,↓,- 趋势完好,2026-06-11
516110,汽车ETF,1.166,1.2,1.217,1.254,1.293,1.333,-9.8%,0.87,是,↓,✗ 趋势偏弱,2026-06-11
516160,新能源ETF,2.859,2.872,2.97,3.08,3.129,3.102,-8.6%,0.62,是,↓,✗ 趋势偏弱,2026-06-11
517520,黄金股ETF,1.698,1.737,1.82,1.896,2.116,2.311,-19.8%,1.47,是,↓,✗ 趋势偏弱,2026-06-11
562500,机器人ETF,1.09,1.146,1.133,1.161,1.072,1.058,+1.7%,0.86,否,↓,▲ 接近支撑,2026-06-11
562800,稀有金属ETF,1.058,1.029,1.041,1.063,1.085,1.075,-2.5%,0.82,是,↓,✗ 趋势偏弱,2026-06-11
588000,科创50ETF,1.756,1.74,1.773,1.835,1.659,1.588,+5.8%,0.73,是,↓,- 趋势完好,2026-06-11
159869,游戏ETF,1.063,1.081,1.106,1.154,1.249,1.373,-14.9%,1.3,是,↓,✗ 趋势偏弱,2026-06-12
159915,创业板ETF,3.846,3.869,3.96,3.975,3.755,3.523,+2.4%,0.85,否,↓,▲ 接近支撑,2026-06-12
159995,芯片ETF,2.383,2.374,2.404,2.478,2.157,2.02,+10.5%,0.83,否,↓,- 趋势完好,2026-06-12
510300,沪深300ETF,4.818,4.784,4.846,4.871,4.795,4.741,+0.5%,1.01,是,↓,▲ 接近支撑,2026-06-12
510500,中证500ETF,8.242,8.177,8.29,8.469,8.367,8.338,-1.5%,0.75,是,↓,✗ 趋势偏弱,2026-06-12
510880,红利ETF,3.303,3.284,3.301,3.245,3.252,3.233,+1.6%,0.74,是,↓,◇ 多头排列,2026-06-12
512010,医药ETF,0.332,0.325,0.328,0.336,0.356,0.367,-6.7%,1.08,是,↓,✗ 趋势偏弱,2026-06-12
512100,中证1000ETF,3.309,3.299,3.336,3.41,3.353,3.315,-1.3%,0.72,是,↓,✗ 趋势偏弱,2026-06-12
512200,房地产ETF,1.277,1.265,1.293,1.335,1.374,1.438,-7.1%,1.38,是,↓,✗ 趋势偏弱,2026-06-12
512400,有色金属ETF,1.976,1.878,1.928,1.966,2.056,2.132,-3.9%,1.51,是,↓,✗ 趋势偏弱,2026-06-12
512480,半导体ETF,2.106,2.088,2.1,2.156,1.884,1.748,+11.8%,0.77,否,↓,- 趋势完好,2026-06-12
512580,环保ETF,1.328,1.314,1.351,1.391,1.391,1.373,-4.5%,0.76,是,↓,✗ 趋势偏弱,2026-06-12
512660,军工ETF,1.246,1.228,1.25,1.3,1.35,1.407,-7.7%,1.23,是,↓,✗ 趋势偏弱,2026-06-12
512690,酒ETF,0.428,0.425,0.434,0.442,0.467,0.496,-8.4%,0.88,是,↓,✗ 趋势偏弱,2026-06-12
512800,银行ETF,0.814,0.801,0.792,0.781,0.789,0.787,+3.2%,1.49,是,↑,◆ 趋势持有,2026-06-12
512880,证券ETF,1.045,1.015,1.022,1.033,1.053,1.104,-0.7%,1.66,是,↓,✗ 趋势偏弱,2026-06-12
512890,红利低波ETF,1.172,1.167,1.169,1.163,1.177,1.176,-0.4%,1.05,是,↑,✗ 趋势偏弱,2026-06-12
512980,传媒ETF,0.83,0.846,0.871,0.905,0.967,1.052,-14.2%,1.24,是,↓,✗ 趋势偏弱,2026-06-12
513180,恒生科技ETF,0.595,0.599,0.617,0.618,0.626,0.66,-4.9%,0.67,是,↓,✗ 趋势偏弱,2026-06-12
515070,人工智能ETF,2.349,2.391,2.45,2.49,2.302,2.157,+2.0%,0.76,否,↓,▲ 接近支撑,2026-06-12
515790,光伏ETF,0.996,0.999,1.029,1.07,1.067,1.088,-6.7%,0.92,是,↓,✗ 趋势偏弱,2026-06-12
515880,通信ETF,1.584,1.623,1.637,1.586,1.42,1.581,+11.5%,1.34,否,↓,- 趋势完好,2026-06-12
516110,汽车ETF,1.175,1.189,1.211,1.248,1.291,1.33,-9.0%,0.57,是,↓,✗ 趋势偏弱,2026-06-12
516160,新能源ETF,2.908,2.866,2.95,3.066,3.125,3.101,-6.9%,0.79,是,↓,✗ 趋势偏弱,2026-06-12
517520,黄金股ETF,1.807,1.733,1.811,1.884,2.107,2.307,-14.2%,1.55,是,↓,✗ 趋势偏弱,2026-06-12
562500,机器人ETF,1.087,1.131,1.13,1.157,1.075,1.059,+1.1%,0.71,是,↓,▲ 接近支撑,2026-06-12
562800,稀有金属ETF,1.097,1.04,1.046,1.062,1.086,1.076,+1.0%,1.56,是,↑,◆ 趋势持有,2026-06-12
588000,科创50ETF,1.756,1.739,1.765,1.833,1.667,1.59,+5.3%,0.9,是,↓,- 趋势完好,2026-06-12
159869,游戏ETF,1.078,1.078,1.097,1.146,1.245,1.367,-13.4%,0.8,是,↓,✗ 趋势偏弱,2026-06-15
159915,创业板ETF,4.045,3.913,3.968,3.981,3.772,3.53,+7.2%,0.99,否,↓,◇ 多头排列,2026-06-15
159995,芯片ETF,2.514,2.419,2.42,2.487,2.175,2.026,+15.6%,0.85,否,↓,◇ 多头排列,2026-06-15
510300,沪深300ETF,4.919,4.82,4.851,4.874,4.804,4.741,+2.4%,1.96,是,↓,◇ 多头排列,2026-06-15
510500,中证500ETF,8.544,8.272,8.308,8.465,8.384,8.34,+1.9%,1.79,是,↓,◇ 多头排列,2026-06-15
510880,红利ETF,3.249,3.273,3.295,3.247,3.252,3.233,-0.1%,1.18,是,↓,✗ 趋势偏弱,2026-06-15
512010,医药ETF,0.329,0.326,0.327,0.335,0.355,0.366,-7.4%,0.68,是,↑,✗ 趋势偏弱,2026-06-15
512100,中证1000ETF,3.439,3.336,3.344,3.407,3.361,3.315,+2.3%,1.0,是,↓,◇ 多头排列,2026-06-15
512200,房地产ETF,1.285,1.27,1.286,1.329,1.373,1.435,-6.4%,0.46,是,↓,✗ 趋势偏弱,2026-06-15
512400,有色金属ETF,2.063,1.926,1.939,1.968,2.058,2.131,+0.3%,2.06,是,↑,✗ 趋势偏弱,2026-06-15
512480,半导体ETF,2.231,2.135,2.118,2.165,1.9,1.754,+17.4%,0.83,否,↑,◇ 多头排列,2026-06-15
512580,环保ETF,1.34,1.322,1.344,1.387,1.391,1.373,-3.7%,0.82,是,↓,✗ 趋势偏弱,2026-06-15
512660,军工ETF,1.266,1.238,1.25,1.294,1.349,1.403,-6.2%,0.9,是,↓,✗ 趋势偏弱,2026-06-15
512690,酒ETF,0.426,0.425,0.431,0.441,0.466,0.495,-8.6%,0.64,是,↓,✗ 趋势偏弱,2026-06-15
512800,银行ETF,0.802,0.803,0.794,0.782,0.789,0.787,+1.7%,1.47,是,↑,- 趋势完好,2026-06-15
512880,证券ETF,1.072,1.03,1.026,1.034,1.053,1.102,+1.8%,1.96,是,↑,✗ 趋势偏弱,2026-06-15
512890,红利低波ETF,1.161,1.166,1.167,1.163,1.176,1.176,-1.3%,1.33,是,↓,✗ 趋势偏弱,2026-06-15
512980,传媒ETF,0.842,0.843,0.862,0.898,0.964,1.047,-12.7%,0.91,是,↓,✗ 趋势偏弱,2026-06-15
513180,恒生科技ETF,0.602,0.599,0.614,0.617,0.626,0.658,-3.8%,0.57,是,↓,✗ 趋势偏弱,2026-06-15
515070,人工智能ETF,2.474,2.41,2.455,2.49,2.316,2.16,+6.8%,0.9,是,↓,- 趋势完好,2026-06-15
515790,光伏ETF,1.018,1.005,1.024,1.066,1.067,1.088,-4.6%,0.59,是,↓,✗ 趋势偏弱,2026-06-15
515880,通信ETF,1.689,1.64,1.652,1.594,1.433,1.566,+17.9%,1.27,否,↓,◇ 多头排列,2026-06-15
516110,汽车ETF,1.193,1.186,1.208,1.243,1.289,1.328,-7.4%,0.5,是,↓,✗ 趋势偏弱,2026-06-15
516160,新能源ETF,2.968,2.897,2.938,3.054,3.124,3.1,-5.0%,1.68,是,↓,✗ 趋势偏弱,2026-06-15
517520,黄金股ETF,1.918,1.773,1.813,1.88,2.1,2.304,-8.7%,1.66,是,↓,✗ 趋势偏弱,2026-06-15
562500,机器人ETF,1.121,1.122,1.132,1.154,1.079,1.059,+3.9%,0.6,是,↓,▲ 接近支撑,2026-06-15
562800,稀有金属ETF,1.147,1.072,1.057,1.065,1.09,1.077,+5.3%,2.0,是,↑,◆ 趋势持有,2026-06-15
588000,科创50ETF,1.844,1.771,1.774,1.835,1.678,1.592,+9.9%,0.83,否,↓,◇ 多头排列,2026-06-15
159869,游戏ETF,1.063,1.069,1.09,1.135,1.239,1.36,-14.2%,0.68,是,↓,✗ 趋势偏弱,2026-06-16
159915,创业板ETF,4.111,3.94,3.972,3.991,3.79,3.538,+8.5%,0.75,是,↑,◇ 多头排列,2026-06-16
159995,芯片ETF,2.536,2.444,2.434,2.492,2.192,2.033,+15.7%,0.72,否,↑,◇ 多头排列,2026-06-16
510300,沪深300ETF,4.91,4.836,4.848,4.876,4.811,4.741,+2.0%,1.1,是,↑,◆ 趋势持有,2026-06-16
510500,中证500ETF,8.632,8.344,8.33,8.462,8.401,8.343,+2.8%,0.77,是,↑,◇ 多头排列,2026-06-16
510880,红利ETF,3.196,3.254,3.284,3.246,3.251,3.233,-1.7%,1.49,是,↓,✗ 趋势偏弱,2026-06-16
512010,医药ETF,0.323,0.327,0.326,0.334,0.354,0.365,-8.8%,0.58,是,↑,✗ 趋势偏弱,2026-06-16
512100,中证1000ETF,3.491,3.366,3.356,3.404,3.368,3.317,+3.6%,0.89,是,↑,★ 买入信号,2026-06-16
512200,房地产ETF,1.259,1.269,1.279,1.32,1.371,1.432,-8.2%,0.71,是,↓,✗ 趋势偏弱,2026-06-16
512400,有色金属ETF,2.049,1.962,1.943,1.972,2.058,2.13,-0.4%,1.23,是,↑,✗ 趋势偏弱,2026-06-16
512480,半导体ETF,2.254,2.164,2.136,2.171,1.916,1.76,+17.6%,0.66,否,↑,◇ 多头排列,2026-06-16
512580,环保ETF,1.368,1.33,1.34,1.383,1.392,1.374,-1.7%,1.01,是,↑,✗ 趋势偏弱,2026-06-16
512660,军工ETF,1.267,1.244,1.25,1.289,1.348,1.4,-6.0%,0.71,是,↑,✗ 趋势偏弱,2026-06-16
512690,酒ETF,0.419,0.425,0.428,0.439,0.464,0.493,-9.8%,0.73,是,↓,✗ 趋势偏弱,2026-06-16
512800,银行ETF,0.792,0.803,0.794,0.783,0.789,0.787,+0.4%,0.98,是,↓,- 趋势完好,2026-06-16
512880,证券ETF,1.082,1.045,1.03,1.036,1.054,1.1,+2.6%,0.97,是,↑,✗ 趋势偏弱,2026-06-16
512890,红利低波ETF,1.145,1.162,1.163,1.162,1.175,1.176,-2.6%,1.33,是,↓,✗ 趋势偏弱,2026-06-16
512980,传媒ETF,0.835,0.837,0.854,0.89,0.961,1.043,-13.1%,0.54,是,↓,✗ 趋势偏弱,2026-06-16
513180,恒生科技ETF,0.59,0.595,0.608,0.616,0.625,0.656,-5.6%,0.66,是,↓,✗ 趋势偏弱,2026-06-16
515070,人工智能ETF,2.48,2.414,2.454,2.488,2.328,2.164,+6.5%,0.76,是,↑,- 趋势完好,2026-06-16
515790,光伏ETF,1.034,1.009,1.022,1.062,1.067,1.088,-3.1%,0.85,是,↑,✗ 趋势偏弱,2026-06-16
515880,通信ETF,1.729,1.647,1.662,1.605,1.445,1.552,+19.6%,0.99,否,↑,◇ 多头排列,2026-06-16
516110,汽车ETF,1.172,1.178,1.2,1.237,1.286,1.325,-8.9%,1.16,是,↓,✗ 趋势偏弱,2026-06-16
516160,新能源ETF,3.039,2.925,2.934,3.046,3.125,3.1,-2.8%,1.44,是,↑,✗ 趋势偏弱,2026-06-16
517520,黄金股ETF,1.889,1.802,1.808,1.875,2.091,2.3,-9.7%,0.97,是,↑,✗ 趋势偏弱,2026-06-16
562500,机器人ETF,1.142,1.114,1.134,1.151,1.083,1.059,+5.4%,0.61,是,↓,- 趋势完好,2026-06-16
562800,稀有金属ETF,1.159,1.097,1.068,1.069,1.093,1.078,+6.1%,1.53,是,↑,◆ 趋势持有,2026-06-16
588000,科创50ETF,1.855,1.791,1.781,1.834,1.687,1.595,+9.9%,0.72,否,↑,◇ 多头排列,2026-06-16
159869,游戏ETF,1.044,1.059,1.082,1.125,1.234,1.354,-15.4%,0.81,是,↓,✗ 趋势偏弱,2026-06-17
159915,创业板ETF,4.183,4.003,3.976,4.003,3.81,3.547,+9.8%,0.75,是,↑,◇ 多头排列,2026-06-17
159995,芯片ETF,2.69,2.504,2.455,2.499,2.213,2.041,+21.5%,1.02,否,↑,◇ 多头排列,2026-06-17
510300,沪深300ETF,4.958,4.871,4.847,4.88,4.821,4.742,+2.8%,1.65,是,↑,◆ 趋势持有,2026-06-17
510500,中证500ETF,8.763,8.463,8.361,8.462,8.422,8.347,+4.0%,0.5,是,↑,◇ 多头排列,2026-06-17
510880,红利ETF,3.16,3.234,3.267,3.243,3.249,3.232,-2.8%,1.38,是,↓,✗ 趋势偏弱,2026-06-17
512010,医药ETF,0.323,0.326,0.325,0.333,0.353,0.365,-8.5%,0.58,是,↓,✗ 趋势偏弱,2026-06-17
512100,中证1000ETF,3.519,3.409,3.369,3.403,3.378,3.318,+4.2%,0.45,是,↑,◇ 多头排列,2026-06-17
512200,房地产ETF,1.257,1.268,1.273,1.312,1.369,1.43,-8.2%,2.51,是,↓,✗ 趋势偏弱,2026-06-17
512400,有色金属ETF,2.045,2.003,1.944,1.975,2.059,2.129,-0.7%,1.03,是,↑,✗ 趋势偏弱,2026-06-17
512480,半导体ETF,2.387,2.222,2.16,2.179,1.936,1.768,+23.3%,0.89,否,↑,◇ 多头排列,2026-06-17
512580,环保ETF,1.361,1.341,1.336,1.379,1.393,1.374,-2.3%,0.96,是,↑,✗ 趋势偏弱,2026-06-17
512660,军工ETF,1.289,1.257,1.252,1.285,1.348,1.397,-4.4%,0.97,是,↑,✗ 趋势偏弱,2026-06-17
512690,酒ETF,0.413,0.422,0.425,0.437,0.463,0.492,-10.7%,0.84,是,↓,✗ 趋势偏弱,2026-06-17
512800,银行ETF,0.785,0.799,0.794,0.784,0.788,0.787,-0.4%,1.14,是,↓,✗ 趋势偏弱,2026-06-17
512880,证券ETF,1.081,1.058,1.035,1.037,1.055,1.099,+2.4%,0.93,是,↑,✗ 趋势偏弱,2026-06-17
512890,红利低波ETF,1.14,1.156,1.16,1.161,1.174,1.176,-2.9%,1.07,是,↓,✗ 趋势偏弱,2026-06-17
512980,传媒ETF,0.822,0.83,0.848,0.883,0.958,1.038,-14.2%,1.0,是,↓,✗ 趋势偏弱,2026-06-17
513180,恒生科技ETF,0.591,0.593,0.603,0.614,0.625,0.654,-5.4%,0.6,是,↓,✗ 趋势偏弱,2026-06-17
515070,人工智能ETF,2.541,2.439,2.449,2.488,2.342,2.168,+8.5%,0.87,是,↑,◆ 趋势持有,2026-06-17
515790,光伏ETF,1.027,1.015,1.018,1.057,1.067,1.088,-3.8%,0.82,是,↑,✗ 趋势偏弱,2026-06-17
515880,通信ETF,1.758,1.673,1.666,1.617,1.459,1.537,+20.5%,0.97,否,↑,◇ 多头排列,2026-06-17
516110,汽车ETF,1.161,1.173,1.192,1.231,1.283,1.322,-9.5%,0.28,是,↓,✗ 趋势偏弱,2026-06-17
516160,新能源ETF,3.033,2.961,2.932,3.036,3.127,3.101,-3.0%,0.64,是,↑,✗ 趋势偏弱,2026-06-17
517520,黄金股ETF,1.891,1.841,1.805,1.872,2.084,2.295,-9.3%,1.12,是,↑,✗ 趋势偏弱,2026-06-17
562500,机器人ETF,1.144,1.117,1.136,1.148,1.088,1.06,+5.2%,0.55,是,↓,- 趋势完好,2026-06-17
562800,稀有金属ETF,1.148,1.122,1.075,1.073,1.096,1.079,+4.8%,1.43,是,↑,◆ 趋势持有,2026-06-17
588000,科创50ETF,1.939,1.83,1.793,1.835,1.699,1.599,+14.1%,0.99,否,↑,◇ 多头排列,2026-06-17
159869,游戏ETF,1.046,1.059,1.076,1.116,1.23,1.348,-14.9%,0.95,是,↓,✗ 趋势偏弱,2026-06-18
159915,创业板ETF,4.269,4.091,3.993,4.025,3.833,3.556,+11.4%,0.75,是,↑,◇ 多头排列,2026-06-18
159995,芯片ETF,2.816,2.588,2.483,2.516,2.237,2.049,+25.9%,1.32,否,↑,◇ 多头排列,2026-06-18
510300,沪深300ETF,4.984,4.918,4.853,4.889,4.831,4.743,+3.2%,1.52,是,↑,◆ 趋势持有,2026-06-18
510500,中证500ETF,8.828,8.602,8.399,8.479,8.447,8.352,+4.5%,0.66,是,↑,◇ 多头排列,2026-06-18
510880,红利ETF,3.098,3.201,3.244,3.239,3.247,3.231,-4.6%,2.04,是,↓,✗ 趋势偏弱,2026-06-18
512010,医药ETF,0.326,0.327,0.325,0.332,0.352,0.364,-7.5%,0.98,是,↓,✗ 趋势偏弱,2026-06-18
512100,中证1000ETF,3.544,3.46,3.385,3.409,3.388,3.32,+4.6%,0.47,是,↑,◇ 多头排列,2026-06-18
512200,房地产ETF,1.243,1.264,1.267,1.306,1.368,1.427,-9.2%,1.42,是,↓,✗ 趋势偏弱,2026-06-18
512400,有色金属ETF,2.05,2.037,1.952,1.98,2.061,2.128,-0.5%,1.32,是,↑,✗ 趋势偏弱,2026-06-18
512480,半导体ETF,2.481,2.292,2.188,2.196,1.957,1.776,+26.8%,0.9,否,↑,◇ 多头排列,2026-06-18
512580,环保ETF,1.343,1.348,1.332,1.375,1.394,1.375,-3.7%,0.77,是,↑,✗ 趋势偏弱,2026-06-18
512660,军工ETF,1.29,1.272,1.253,1.282,1.349,1.395,-4.4%,0.93,是,↑,✗ 趋势偏弱,2026-06-18
512690,酒ETF,0.404,0.418,0.422,0.434,0.461,0.491,-12.3%,1.24,是,↓,✗ 趋势偏弱,2026-06-18
512800,银行ETF,0.766,0.792,0.793,0.784,0.788,0.786,-2.8%,1.6,是,↓,✗ 趋势偏弱,2026-06-18
512880,证券ETF,1.05,1.066,1.038,1.037,1.056,1.097,-0.6%,1.14,是,↑,✗ 趋势偏弱,2026-06-18
512890,红利低波ETF,1.115,1.147,1.156,1.159,1.173,1.175,-4.9%,1.94,是,↓,✗ 趋势偏弱,2026-06-18
512980,传媒ETF,0.827,0.831,0.843,0.877,0.955,1.034,-13.4%,0.95,是,↓,✗ 趋势偏弱,2026-06-18
513180,恒生科技ETF,0.58,0.592,0.598,0.613,0.624,0.652,-7.1%,0.9,是,↓,✗ 趋势偏弱,2026-06-18
515070,人工智能ETF,2.667,2.502,2.459,2.499,2.359,2.173,+13.1%,1.35,是,↑,◆ 趋势持有,2026-06-18
515790,光伏ETF,1.017,1.018,1.013,1.053,1.068,1.088,-4.8%,0.67,是,↑,✗ 趋势偏弱,2026-06-18
515880,通信ETF,1.822,1.716,1.677,1.636,1.473,1.524,+23.7%,0.78,否,↑,◇ 多头排列,2026-06-18
516110,汽车ETF,1.161,1.172,1.186,1.224,1.281,1.32,-9.3%,1.31,是,↓,✗ 趋势偏弱,2026-06-18
516160,新能源ETF,3.0,2.99,2.931,3.029,3.13,3.1,-4.2%,0.66,是,↑,✗ 趋势偏弱,2026-06-18
517520,黄金股ETF,1.838,1.869,1.803,1.869,2.076,2.29,-11.4%,1.21,是,↑,✗ 趋势偏弱,2026-06-18
562500,机器人ETF,1.17,1.133,1.14,1.148,1.093,1.061,+7.1%,0.79,是,↑,◇ 多头排列,2026-06-18
562800,稀有金属ETF,1.165,1.143,1.086,1.078,1.099,1.08,+6.0%,1.42,是,↑,◆ 趋势持有,2026-06-18
588000,科创50ETF,2.017,1.882,1.811,1.843,1.713,1.603,+17.7%,1.17,否,↑,◇ 多头排列,2026-06-18
159869,游戏ETF,1.085,1.063,1.072,1.11,1.226,1.343,-11.5%,1.42,是,↓,✗ 趋势偏弱,2026-06-22
159915,创业板ETF,4.379,4.197,4.033,4.046,3.857,3.566,+13.5%,1.12,否,↑,◇ 多头排列,2026-06-22
159995,芯片ETF,2.92,2.695,2.535,2.536,2.263,2.059,+29.0%,1.06,否,↑,◇ 多头排列,2026-06-22
510300,沪深300ETF,5.091,4.972,4.878,4.901,4.844,4.745,+5.1%,2.18,是,↑,◆ 趋势持有,2026-06-22
510500,中证500ETF,9.007,8.755,8.466,8.496,8.475,8.359,+6.3%,1.02,是,↑,◆ 趋势持有,2026-06-22
510880,红利ETF,3.125,3.166,3.225,3.238,3.245,3.231,-3.7%,1.61,是,↓,✗ 趋势偏弱,2026-06-22
512010,医药ETF,0.333,0.327,0.326,0.331,0.352,0.363,-5.3%,1.02,是,↑,✗ 趋势偏弱,2026-06-22
512100,中证1000ETF,3.58,3.515,3.407,3.413,3.399,3.323,+5.3%,0.68,是,↑,◇ 多头排列,2026-06-22
512200,房地产ETF,1.241,1.257,1.261,1.3,1.367,1.424,-9.2%,1.84,是,↓,✗ 趋势偏弱,2026-06-22
512400,有色金属ETF,2.155,2.072,1.975,1.987,2.064,2.127,+4.4%,1.34,是,↑,◆ 趋势持有,2026-06-22
512480,半导体ETF,2.552,2.381,2.234,2.215,1.98,1.785,+28.9%,0.89,否,↑,◇ 多头排列,2026-06-22
512580,环保ETF,1.38,1.358,1.336,1.372,1.396,1.375,-1.2%,0.88,是,↑,✗ 趋势偏弱,2026-06-22
512660,军工ETF,1.298,1.282,1.255,1.279,1.349,1.393,-3.8%,1.02,是,↑,✗ 趋势偏弱,2026-06-22
512690,酒ETF,0.407,0.414,0.419,0.433,0.459,0.489,-11.4%,1.21,是,↓,✗ 趋势偏弱,2026-06-22
512800,银行ETF,0.771,0.783,0.792,0.784,0.787,0.786,-2.1%,1.41,是,↓,✗ 趋势偏弱,2026-06-22
512880,证券ETF,1.131,1.083,1.049,1.042,1.058,1.096,+6.9%,2.16,是,↑,◆ 趋势持有,2026-06-22
512890,红利低波ETF,1.114,1.135,1.151,1.157,1.171,1.175,-4.9%,1.38,是,↓,✗ 趋势偏弱,2026-06-22
512980,传媒ETF,0.853,0.836,0.841,0.873,0.953,1.03,-10.5%,0.94,是,↑,✗ 趋势偏弱,2026-06-22
513180,恒生科技ETF,0.582,0.589,0.594,0.611,0.624,0.65,-6.7%,1.18,是,↓,✗ 趋势偏弱,2026-06-22
515070,人工智能ETF,2.693,2.571,2.481,2.509,2.375,2.179,+13.4%,1.32,否,↑,◇ 多头排列,2026-06-22
515790,光伏ETF,1.043,1.028,1.014,1.049,1.069,1.088,-2.4%,0.86,是,↑,✗ 趋势偏弱,2026-06-22
515880,通信ETF,1.859,1.771,1.697,1.654,1.488,1.51,+24.9%,0.94,否,↑,◇ 多头排列,2026-06-22
516110,汽车ETF,1.152,1.168,1.179,1.216,1.278,1.317,-9.9%,1.17,是,↓,✗ 趋势偏弱,2026-06-22
516160,新能源ETF,3.118,3.032,2.949,3.025,3.135,3.101,-0.6%,0.83,是,↑,✗ 趋势偏弱,2026-06-22
517520,黄金股ETF,1.869,1.881,1.807,1.864,2.069,2.286,-9.7%,1.01,是,↑,✗ 趋势偏弱,2026-06-22
562500,机器人ETF,1.154,1.146,1.139,1.145,1.098,1.061,+5.1%,0.97,否,↑,◇ 多头排列,2026-06-22
562800,稀有金属ETF,1.241,1.172,1.106,1.086,1.104,1.082,+12.4%,1.66,否,↑,◇ 多头排列,2026-06-22
588000,科创50ETF,2.056,1.942,1.84,1.851,1.728,1.608,+19.0%,1.03,否,↑,◇ 多头排列,2026-06-22
159869,游戏ETF,1.059,1.059,1.068,1.104,1.22,1.337,-13.2%,1.08,是,↓,✗ 趋势偏弱,2026-06-23
159915,创业板ETF,4.21,4.23,4.071,4.055,3.875,3.575,+8.7%,1.31,否,↑,- 趋势完好,2026-06-23
159995,芯片ETF,2.853,2.763,2.591,2.542,2.285,2.068,+24.9%,0.89,否,↑,◇ 多头排列,2026-06-23
510300,沪深300ETF,4.942,4.977,4.898,4.901,4.851,4.747,+1.9%,2.82,是,↑,- 趋势完好,2026-06-23
510500,中证500ETF,8.815,8.809,8.54,8.497,8.49,8.363,+3.8%,1.19,否,↑,◇ 多头排列,2026-06-23
510880,红利ETF,3.104,3.137,3.205,3.234,3.242,3.23,-4.3%,0.93,是,↓,✗ 趋势偏弱,2026-06-23
512010,医药ETF,0.333,0.328,0.327,0.331,0.351,0.362,-5.0%,1.45,是,↑,✗ 趋势偏弱,2026-06-23
512100,中证1000ETF,3.51,3.529,3.432,3.412,3.405,3.325,+3.1%,0.69,否,↑,- 趋势完好,2026-06-23
512200,房地产ETF,1.233,1.247,1.258,1.292,1.364,1.421,-9.6%,0.82,是,↓,✗ 趋势偏弱,2026-06-23
512400,有色金属ETF,1.976,2.055,1.991,1.984,2.061,2.125,-4.1%,1.53,是,↓,✗ 趋势偏弱,2026-06-23
512480,半导体ETF,2.512,2.437,2.286,2.223,1.999,1.793,+25.6%,0.91,否,↑,◇ 多头排列,2026-06-23
512580,环保ETF,1.329,1.356,1.339,1.368,1.397,1.375,-4.8%,1.15,是,↓,✗ 趋势偏弱,2026-06-23
512660,军工ETF,1.252,1.279,1.258,1.273,1.348,1.39,-7.1%,0.77,是,↓,✗ 趋势偏弱,2026-06-23
512690,酒ETF,0.399,0.408,0.417,0.43,0.457,0.488,-12.7%,0.94,是,↓,✗ 趋势偏弱,2026-06-23
512800,银行ETF,0.778,0.778,0.791,0.784,0.787,0.786,-1.1%,1.03,是,↓,✗ 趋势偏弱,2026-06-23
512880,证券ETF,1.131,1.095,1.062,1.046,1.06,1.096,+6.7%,1.74,是,↑,◆ 趋势持有,2026-06-23
512890,红利低波ETF,1.118,1.126,1.146,1.155,1.17,1.175,-4.4%,1.16,是,↓,✗ 趋势偏弱,2026-06-23
512980,传媒ETF,0.825,0.832,0.838,0.867,0.949,1.027,-13.0%,0.71,是,↓,✗ 趋势偏弱,2026-06-23
513180,恒生科技ETF,0.559,0.58,0.59,0.608,0.623,0.648,-10.2%,1.22,是,↓,✗ 趋势偏弱,2026-06-23
515070,人工智能ETF,2.593,2.595,2.502,2.508,2.388,2.184,+8.6%,1.03,否,↑,- 趋势完好,2026-06-23
515790,光伏ETF,0.998,1.024,1.015,1.043,1.068,1.087,-6.6%,0.8,是,↓,✗ 趋势偏弱,2026-06-23
515880,通信ETF,1.794,1.792,1.716,1.666,1.5,1.497,+19.6%,1.13,否,↑,◇ 多头排列,2026-06-23
516110,汽车ETF,1.124,1.154,1.17,1.208,1.275,1.313,-11.8%,0.77,是,↓,✗ 趋势偏弱,2026-06-23
516160,新能源ETF,2.97,3.032,2.965,3.015,3.135,3.1,-5.3%,1.16,是,↑,✗ 趋势偏弱,2026-06-23
517520,黄金股ETF,1.71,1.839,1.806,1.851,2.055,2.279,-16.8%,1.16,是,↓,✗ 趋势偏弱,2026-06-23
562500,机器人ETF,1.137,1.149,1.136,1.141,1.101,1.062,+3.3%,0.68,否,↑,▲ 接近支撑,2026-06-23
562800,稀有金属ETF,1.154,1.173,1.123,1.089,1.106,1.083,+4.3%,2.35,否,↑,- 趋势完好,2026-06-23
588000,科创50ETF,2.023,1.978,1.874,1.852,1.739,1.612,+16.3%,1.05,否,↑,◇ 多头排列,2026-06-23
159869,游戏ETF,1.063,1.059,1.064,1.098,1.215,1.331,-12.5%,1.22,是,↓,✗ 趋势偏弱,2026-06-24
159915,创业板ETF,4.258,4.26,4.1,4.065,3.894,3.585,+9.4%,1.15,否,↑,- 趋势完好,2026-06-24
159995,芯片ETF,3.012,2.858,2.651,2.557,2.31,2.078,+30.4%,1.14,否,↑,◇ 多头排列,2026-06-24
510300,沪深300ETF,4.967,4.988,4.912,4.901,4.859,4.75,+2.2%,2.57,否,↑,- 趋势完好,2026-06-24
510500,中证500ETF,8.985,8.88,8.612,8.509,8.511,8.37,+5.6%,0.79,否,↑,◇ 多头排列,2026-06-24
510880,红利ETF,3.048,3.107,3.18,3.227,3.239,3.229,-5.9%,1.47,是,↓,✗ 趋势偏弱,2026-06-24
512010,医药ETF,0.341,0.331,0.329,0.331,0.35,0.362,-2.6%,1.7,是,↑,✗ 趋势偏弱,2026-06-24
512100,中证1000ETF,3.551,3.541,3.453,3.414,3.413,3.328,+4.0%,1.02,否,↑,◇ 多头排列,2026-06-24
512200,房地产ETF,1.212,1.237,1.253,1.284,1.362,1.418,-11.0%,1.1,是,↓,✗ 趋势偏弱,2026-06-24
512400,有色金属ETF,1.98,2.041,2.002,1.978,2.059,2.123,-3.8%,1.18,是,↓,✗ 趋势偏弱,2026-06-24
512480,半导体ETF,2.652,2.517,2.34,2.239,2.022,1.803,+31.2%,1.05,否,↑,◇ 多头排列,2026-06-24
512580,环保ETF,1.335,1.35,1.34,1.363,1.397,1.375,-4.5%,0.75,是,↓,✗ 趋势偏弱,2026-06-24
512660,军工ETF,1.262,1.278,1.261,1.269,1.347,1.388,-6.3%,0.74,是,↓,✗ 趋势偏弱,2026-06-24
512690,酒ETF,0.39,0.403,0.414,0.427,0.455,0.487,-14.3%,1.01,是,↓,✗ 趋势偏弱,2026-06-24
512800,银行ETF,0.761,0.772,0.788,0.784,0.787,0.786,-3.2%,1.0,是,↓,✗ 趋势偏弱,2026-06-24
512880,证券ETF,1.111,1.101,1.073,1.049,1.061,1.095,+4.7%,1.21,是,↑,◆ 趋势持有,2026-06-24
512890,红利低波ETF,1.099,1.117,1.14,1.152,1.168,1.174,-5.9%,1.02,是,↓,✗ 趋势偏弱,2026-06-24
512980,传媒ETF,0.821,0.83,0.833,0.862,0.945,1.023,-13.1%,0.56,是,↓,✗ 趋势偏弱,2026-06-24
513180,恒生科技ETF,0.57,0.576,0.586,0.605,0.622,0.647,-8.3%,1.27,是,↓,✗ 趋势偏弱,2026-06-24
515070,人工智能ETF,2.656,2.63,2.522,2.511,2.401,2.19,+10.6%,1.04,否,↑,◇ 多头排列,2026-06-24
515790,光伏ETF,0.998,1.017,1.013,1.037,1.068,1.086,-6.6%,0.67,是,↓,✗ 趋势偏弱,2026-06-24
515880,通信ETF,1.827,1.812,1.729,1.68,1.512,1.484,+20.8%,0.88,否,↑,◇ 多头排列,2026-06-24
516110,汽车ETF,1.111,1.142,1.16,1.198,1.271,1.31,-12.6%,0.84,是,↓,✗ 趋势偏弱,2026-06-24
516160,新能源ETF,2.996,3.023,2.974,3.006,3.136,3.1,-4.5%,1.03,是,↓,✗ 趋势偏弱,2026-06-24
517520,黄金股ETF,1.711,1.804,1.803,1.834,2.042,2.272,-16.2%,0.94,是,↓,✗ 趋势偏弱,2026-06-24
562500,机器人ETF,1.146,1.15,1.132,1.138,1.105,1.062,+3.7%,0.66,否,↑,- 趋势完好,2026-06-24
562800,稀有金属ETF,1.18,1.178,1.137,1.093,1.109,1.084,+6.4%,1.54,否,↑,◇ 多头排列,2026-06-24
588000,科创50ETF,2.096,2.026,1.909,1.859,1.753,1.618,+19.6%,1.21,否,↑,◇ 多头排列,2026-06-24
159869,游戏ETF,1.099,1.07,1.065,1.095,1.21,1.326,-9.2%,1.88,是,↑,✗ 趋势偏弱,2026-06-25
159915,创业板ETF,4.395,4.302,4.153,4.082,3.913,3.596,+12.3%,0.96,否,↑,◇ 多头排列,2026-06-25
159995,芯片ETF,3.175,2.955,2.73,2.584,2.338,2.089,+35.8%,1.13,否,↑,◇ 多头排列,2026-06-25
510300,沪深300ETF,5.048,5.006,4.939,4.906,4.867,4.753,+3.7%,2.38,否,↑,◇ 多头排列,2026-06-25
510500,中证500ETF,9.085,8.944,8.703,8.533,8.532,8.377,+6.5%,0.59,否,↑,◇ 多头排列,2026-06-25
510880,红利ETF,3.006,3.076,3.155,3.218,3.235,3.228,-7.1%,1.43,是,↓,✗ 趋势偏弱,2026-06-25
512010,医药ETF,0.341,0.335,0.331,0.331,0.349,0.361,-2.4%,1.12,是,↑,✗ 趋势偏弱,2026-06-25
512100,中证1000ETF,3.569,3.551,3.48,3.421,3.42,3.33,+4.3%,0.49,否,↑,◇ 多头排列,2026-06-25
512200,房地产ETF,1.202,1.226,1.247,1.278,1.359,1.414,-11.6%,1.3,是,↓,✗ 趋势偏弱,2026-06-25
512400,有色金属ETF,1.922,2.017,2.01,1.974,2.055,2.12,-6.5%,0.95,是,↓,✗ 趋势偏弱,2026-06-25
512480,半导体ETF,2.774,2.594,2.408,2.265,2.046,1.813,+35.6%,0.93,否,↑,◇ 多头排列,2026-06-25
512580,环保ETF,1.333,1.344,1.342,1.358,1.397,1.375,-4.6%,0.49,是,↓,✗ 趋势偏弱,2026-06-25
512660,军工ETF,1.26,1.272,1.265,1.266,1.345,1.386,-6.3%,0.62,是,↓,✗ 趋势偏弱,2026-06-25
512690,酒ETF,0.396,0.399,0.411,0.425,0.453,0.485,-12.6%,1.29,是,↓,✗ 趋势偏弱,2026-06-25
512800,银行ETF,0.753,0.766,0.782,0.783,0.786,0.786,-4.2%,0.98,是,↓,✗ 趋势偏弱,2026-06-25
512880,证券ETF,1.149,1.114,1.086,1.054,1.063,1.094,+8.1%,1.41,是,↑,◆ 趋势持有,2026-06-25
512890,红利低波ETF,1.086,1.106,1.131,1.149,1.166,1.173,-6.9%,0.88,是,↓,✗ 趋势偏弱,2026-06-25
512980,传媒ETF,0.827,0.831,0.83,0.858,0.941,1.019,-12.1%,0.7,是,↓,✗ 趋势偏弱,2026-06-25
513180,恒生科技ETF,0.559,0.57,0.582,0.602,0.62,0.645,-9.9%,1.01,是,↓,✗ 趋势偏弱,2026-06-25
515070,人工智能ETF,2.758,2.673,2.556,2.522,2.416,2.196,+14.2%,1.0,否,↑,◇ 多头排列,2026-06-25
515790,光伏ETF,1.008,1.013,1.014,1.032,1.068,1.086,-5.6%,0.65,是,↓,✗ 趋势偏弱,2026-06-25
515880,通信ETF,1.883,1.837,1.755,1.697,1.526,1.472,+23.4%,1.09,否,↑,◇ 多头排列,2026-06-25
516110,汽车ETF,1.106,1.131,1.152,1.189,1.266,1.306,-12.7%,0.78,是,↓,✗ 趋势偏弱,2026-06-25
516160,新能源ETF,2.99,3.015,2.988,2.996,3.135,3.1,-4.6%,1.01,是,↓,✗ 趋势偏弱,2026-06-25
517520,黄金股ETF,1.631,1.752,1.796,1.818,2.028,2.262,-19.6%,1.12,是,↓,✗ 趋势偏弱,2026-06-25
562500,机器人ETF,1.141,1.15,1.133,1.137,1.108,1.062,+3.0%,0.65,否,↓,- 趋势完好,2026-06-25
562800,稀有金属ETF,1.172,1.182,1.152,1.098,1.112,1.085,+5.4%,0.89,否,↑,- 趋势完好,2026-06-25
588000,科创50ETF,2.178,2.074,1.952,1.872,1.768,1.623,+23.2%,1.05,否,↑,◇ 多头排列,2026-06-25
159869,游戏ETF,1.099,1.07,1.065,1.095,1.21,1.326,-9.2%,1.88,是,↑,✗ 趋势偏弱,2026-06-26
159915,创业板ETF,4.395,4.302,4.153,4.082,3.913,3.596,+12.3%,0.96,否,↑,◇ 多头排列,2026-06-26
159995,芯片ETF,3.175,2.955,2.73,2.584,2.338,2.089,+35.8%,1.13,否,↑,◇ 多头排列,2026-06-26
510300,沪深300ETF,5.048,5.006,4.939,4.906,4.867,4.753,+3.7%,2.38,否,↑,◇ 多头排列,2026-06-26
510500,中证500ETF,9.085,8.944,8.703,8.533,8.532,8.377,+6.5%,0.59,否,↑,◇ 多头排列,2026-06-26
510880,红利ETF,3.006,3.076,3.155,3.218,3.235,3.228,-7.1%,1.43,是,↓,✗ 趋势偏弱,2026-06-26
512010,医药ETF,0.341,0.335,0.331,0.331,0.349,0.361,-2.4%,1.12,是,↑,✗ 趋势偏弱,2026-06-26
512100,中证1000ETF,3.569,3.551,3.48,3.421,3.42,3.33,+4.3%,0.49,否,↑,◇ 多头排列,2026-06-26
512200,房地产ETF,1.202,1.226,1.247,1.278,1.359,1.414,-11.6%,1.3,是,↓,✗ 趋势偏弱,2026-06-26
512400,有色金属ETF,1.922,2.017,2.01,1.974,2.055,2.12,-6.5%,0.95,是,↓,✗ 趋势偏弱,2026-06-26
512480,半导体ETF,2.774,2.594,2.408,2.265,2.046,1.813,+35.6%,0.93,否,↑,◇ 多头排列,2026-06-26
512580,环保ETF,1.333,1.344,1.342,1.358,1.397,1.375,-4.6%,0.49,是,↓,✗ 趋势偏弱,2026-06-26
512660,军工ETF,1.26,1.272,1.265,1.266,1.345,1.386,-6.3%,0.62,是,↓,✗ 趋势偏弱,2026-06-26
512690,酒ETF,0.396,0.399,0.411,0.425,0.453,0.485,-12.6%,1.29,是,↓,✗ 趋势偏弱,2026-06-26
512800,银行ETF,0.753,0.766,0.782,0.783,0.786,0.786,-4.2%,0.98,是,↓,✗ 趋势偏弱,2026-06-26
512880,证券ETF,1.149,1.114,1.086,1.054,1.063,1.094,+8.1%,1.41,是,↑,◆ 趋势持有,2026-06-26
512890,红利低波ETF,1.086,1.106,1.131,1.149,1.166,1.173,-6.9%,0.88,是,↓,✗ 趋势偏弱,2026-06-26
512980,传媒ETF,0.827,0.831,0.83,0.858,0.941,1.019,-12.1%,0.7,是,↓,✗ 趋势偏弱,2026-06-26
513180,恒生科技ETF,0.559,0.57,0.582,0.602,0.62,0.645,-9.9%,1.01,是,↓,✗ 趋势偏弱,2026-06-26
515070,人工智能ETF,2.758,2.673,2.556,2.522,2.416,2.196,+14.2%,1.0,否,↑,◇ 多头排列,2026-06-26
515790,光伏ETF,1.008,1.013,1.014,1.032,1.068,1.086,-5.6%,0.65,是,↓,✗ 趋势偏弱,2026-06-26
515880,通信ETF,1.883,1.837,1.755,1.697,1.526,1.472,+23.4%,1.09,否,↑,◇ 多头排列,2026-06-26
516110,汽车ETF,1.106,1.131,1.152,1.189,1.266,1.306,-12.7%,0.78,是,↓,✗ 趋势偏弱,2026-06-26
516160,新能源ETF,2.99,3.015,2.988,2.996,3.135,3.1,-4.6%,1.01,是,↓,✗ 趋势偏弱,2026-06-26
517520,黄金股ETF,1.631,1.752,1.796,1.818,2.028,2.262,-19.6%,1.12,是,↓,✗ 趋势偏弱,2026-06-26
562500,机器人ETF,1.141,1.15,1.133,1.137,1.108,1.062,+3.0%,0.65,否,↓,- 趋势完好,2026-06-26
562800,稀有金属ETF,1.172,1.182,1.152,1.098,1.112,1.085,+5.4%,0.89,否,↑,- 趋势完好,2026-06-26
588000,科创50ETF,2.178,2.074,1.952,1.872,1.768,1.623,+23.2%,1.05,否,↑,◇ 多头排列,2026-06-26
